lat,lon,yield_annual,genus,mat,map,fertilizer_n,planting_density,age,year
32.88,-82.21,0.2,Miscanthus,18.3,1140,0,10000,2,2010
32.88,-82.21,0.3,Miscanthus,18.3,1140,0,10000,2,2010
32.88,-82.21,0.4,Miscanthus,18.3,1140,0,10000,2,2010
32.88,-82.21,0.5,Miscanthus,18.3,1140,0,10000,2,2010
32.88,-82.21,3.25,Miscanthus,18.3,1140,0,10000,2,2010
32.88,-82.21,4.4833,Miscanthus,18.3,1140,0,10000,2,2010
32.88,-82.21,4.85,Miscanthus,18.3,1140,0,10000,2,2010
32.88,-82.21,5.3733,Miscanthus,18.3,1140,0,10000,2,2010
32.88,-82.21,0.05,Panicum,18.3,1140,0,6074068,2,2010
32.88,-82.21,0.2,Panicum,18.3,1140,0,6074068,2,2010
32.88,-82.21,9.4533,Panicum,18.3,1140,0,6074068,2,2010
32.88,-82.21,11.8364,Panicum,18.3,1140,0,6074068,2,2010
32.88,-82.21,12.3333,Panicum,18.3,1140,0,6074068,2,2010
32.88,-82.21,12.9167,Panicum,18.3,1140,0,6074068,2,2010
40.06,-88.19,0.25,Miscanthus,10.8,1043,0,10000,1,2009
40.06,-88.19,0.7,Miscanthus,10.8,1043,0,10000,1,2009
40.06,-88.19,1.8,Miscanthus,10.8,1043,0,10000,1,2009
40.06,-88.19,2.2,Miscanthus,10.8,1043,0,10000,1,2009
40.06,-88.19,3.5,Miscanthus,10.8,1043,0,10000,2,2010
40.06,-88.19,3.7,Miscanthus,10.8,1043,0,10000,2,2010
40.06,-88.19,4.4,Miscanthus,10.8,1043,0,10000,2,2010
40.06,-88.19,5,Miscanthus,10.8,1043,0,10000,2,2010
40.06,-88.19,17.5867,Miscanthus,10.8,1043,0,10000,3,2011
40.06,-88.19,18.4215,Miscanthus,10.8,1043,0,10000,2,2010
40.06,-88.19,19.2375,Miscanthus,10.8,1043,0,10000,2,2010
40.06,-88.19,20.3375,Miscanthus,10.8,1043,0,10000,3,2011
40.06,-88.19,20.4352,Miscanthus,10.8,1043,0,10000,2,2010
40.06,-88.19,23.8316,Miscanthus,10.8,1043,0,10000,3,2011
40.06,-88.19,27,Miscanthus,10.8,1043,0,10000,2,2010
40.06,-88.19,29.75,Miscanthus,10.8,1043,0,10000,3,2011
40.06,-88.19,0.1,Panicum,10.8,1043,0,6074068,1,2009
40.06,-88.19,0.2,Panicum,10.8,1043,0,6074068,1,2009
40.06,-88.19,0.2,Panicum,10.8,1043,0,6074068,1,2009
40.06,-88.19,0.3,Panicum,10.8,1043,0,6074068,2,2010
40.06,-88.19,0.3,Panicum,10.8,1043,0,6074068,1,2009
40.06,-88.19,0.7,Panicum,10.8,1043,0,6074068,2,2010
40.06,-88.19,0.8,Panicum,10.8,1043,0,6074068,2,2010
40.06,-88.19,1,Panicum,10.8,1043,0,6074068,2,2010
40.06,-88.19,5.2,Panicum,10.8,1043,0,6074068,2,2010
40.06,-88.19,6.4154,Panicum,10.8,1043,0,6074068,3,2011
40.06,-88.19,7.4,Panicum,10.8,1043,0,6074068,2,2010
40.06,-88.19,8,Panicum,10.8,1043,0,6074068,2,2010
40.06,-88.19,8.2778,Panicum,10.8,1043,0,6074068,3,2011
40.06,-88.19,9.3385,Panicum,10.8,1043,0,6074068,3,2011
40.06,-88.19,13.3,Panicum,10.8,1043,0,6074068,3,2011
40.06,-88.19,15,Panicum,10.8,1043,0,6074068,2,2010
38.13,-84.5,1,Miscanthus,12.9,1166,0,10000,2,2010
38.13,-84.5,1.1,Miscanthus,12.9,1166,0,10000,2,2010
38.13,-84.5,1.15,Miscanthus,12.9,1166,0,10000,2,2010
38.13,-84.5,1.4,Miscanthus,12.9,1166,0,10000,2,2010
38.13,-84.5,11.6039,Miscanthus,12.9,1166,0,10000,3,2011
38.13,-84.5,12.7875,Miscanthus,12.9,1166,0,10000,2,2010
38.13,-84.5,14.3188,Miscanthus,12.9,1166,0,10000,2,2010
38.13,-84.5,15.3357,Miscanthus,12.9,1166,0,10000,2,2010
38.13,-84.5,15.372,Miscanthus,12.9,1166,0,10000,3,2011
38.13,-84.5,18.3151,Miscanthus,12.9,1166,0,10000,2,2010
38.13,-84.5,18.4563,Miscanthus,12.9,1166,0,10000,3,2011
38.13,-84.5,18.5469,Miscanthus,12.9,1166,0,10000,3,2011
38.13,-84.5,0,Panicum,12.9,1166,0,6074068,2,2010
38.13,-84.5,0.05,Panicum,12.9,1166,0,6074068,2,2010
38.13,-84.5,0.1,Panicum,12.9,1166,0,6074068,2,2010
38.13,-84.5,0.3,Panicum,12.9,1166,0,6074068,2,2010
38.13,-84.5,9.1208,Panicum,12.9,1166,0,6074068,3,2011
38.13,-84.5,16.8784,Panicum,12.9,1166,0,6074068,3,2011
38.13,-84.5,18.0197,Panicum,12.9,1166,0,6074068,3,2011
38.13,-84.5,25.5859,Panicum,12.9,1166,0,6074068,3,2011
30.41,-91.1,5.3675,Miscanthus,19.4,1602,0,10000,3,2011
30.41,-91.1,8.6166,Miscanthus,19.4,1602,0,10000,3,2011
30.41,-91.1,9.0641,Miscanthus,19.4,1602,0,10000,2,2010
30.41,-91.1,9.7231,Miscanthus,19.4,1602,0,10000,3,2011
30.41,-91.1,10.3669,Miscanthus,19.4,1602,0,10000,3,2011
30.41,-91.1,12.276,Miscanthus,19.4,1602,0,10000,2,2010
30.41,-91.1,12.3613,Miscanthus,19.4,1602,0,10000,2,2010
30.41,-91.1,12.696,Miscanthus,19.4,1602,0,10000,2,2010
30.41,-91.1,5.1483,Panicum,19.4,1602,0,6074068,2,2010
30.41,-91.1,9.4153,Panicum,19.4,1602,0,6074068,2,2010
30.41,-91.1,9.441,Panicum,19.4,1602,0,6074068,3,2011
30.41,-91.1,9.6472,Panicum,19.4,1602,0,6074068,3,2011
30.41,-91.1,10.4446,Panicum,19.4,1602,0,6074068,3,2011
30.41,-91.1,11.7677,Panicum,19.4,1602,0,6074068,2,2010
30.41,-91.1,12.0607,Panicum,19.4,1602,0,6074068,2,2010
30.41,-91.1,15.5369,Panicum,19.4,1602,0,6074068,3,2011
42.39,-85.37,2.52,Miscanthus,9.4,1012,0,10000,1,2009
42.39,-85.37,4.7263,Miscanthus,9.4,1012,0,10000,2,2010
42.39,-85.37,6.92,Miscanthus,9.4,1012,0,10000,1,2009
42.39,-85.37,8.69,Miscanthus,9.4,1012,0,10000,1,2009
42.39,-85.37,10.9123,Miscanthus,9.4,1012,0,10000,2,2010
42.39,-85.37,11.0491,Miscanthus,9.4,1012,0,10000,2,2010
42.39,-85.37,13.25,Miscanthus,9.4,1012,0,10000,1,2009
42.39,-85.37,14.5594,Miscanthus,9.4,1012,0,10000,2,2010
42.39,-85.37,14.6875,Miscanthus,9.4,1012,0,10000,3,2011
42.39,-85.37,23.5457,Miscanthus,9.4,1012,0,10000,3,2011
42.39,-85.37,28.5738,Miscanthus,9.4,1012,0,10000,3,2011
42.39,-85.37,31.8543,Miscanthus,9.4,1012,0,10000,3,2011
42.39,-85.37,0.16,Panicum,9.4,1012,0,6074068,1,2009
42.39,-85.37,0.47,Panicum,9.4,1012,0,6074068,1,2009
42.39,-85.37,0.49,Panicum,9.4,1012,0,6074068,1,2009
42.39,-85.37,0.56,Panicum,9.4,1012,0,6074068,1,2009
42.39,-85.37,1.82,Panicum,9.4,1012,0,6074068,1,2009
42.39,-85.37,1.89,Panicum,9.4,1012,0,6074068,1,2009
42.39,-85.37,2.0608,Panicum,9.4,1012,0,6074068,2,2010
42.39,-85.37,2.21,Panicum,9.4,1012,0,6074068,1,2009
42.39,-85.37,3.1535,Panicum,9.4,1012,0,6074068,2,2010
42.39,-85.37,3.64,Panicum,9.4,1012,0,6074068,1,2009
42.39,-85.37,4.1178,Panicum,9.4,1012,0,6074068,2,2010
42.39,-85.37,4.1246,Panicum,9.4,1012,0,6074068,2,2010
42.39,-85.37,5.1587,Panicum,9.4,1012,0,6074068,3,2011
42.39,-85.37,5.584,Panicum,9.4,1012,0,6074068,3,2011
42.39,-85.37,6.0998,Panicum,9.4,1012,0,6074068,3,2011
42.39,-85.37,6.3301,Panicum,9.4,1012,0,6074068,3,2011
42.39,-85.37,6.5461,Panicum,9.4,1012,0,6074068,2,2010
42.39,-85.37,8.1812,Panicum,9.4,1012,0,6074068,3,2011
42.39,-85.37,8.639,Panicum,9.4,1012,0,6074068,3,2011
42.39,-85.37,9.2684,Panicum,9.4,1012,0,6074068,2,2010
42.39,-85.37,10.7653,Panicum,9.4,1012,0,6074068,2,2010
42.39,-85.37,10.9533,Panicum,9.4,1012,0,6074068,3,2011
42.39,-85.37,13.5416,Panicum,9.4,1012,0,6074068,3,2011
42.39,-85.37,1.46,root-mis,9.4,1012,0,6074068,1,2009
42.39,-85.37,2.27,root-mis,9.4,1012,0,6074068,1,2009
42.39,-85.37,2.81,root-mis,9.4,1012,0,6074068,1,2009
42.39,-85.37,3.9,root-mis,9.4,1012,0,6074068,1,2009
42.39,-85.37,6.3689,root-mis,9.4,1012,0,6074068,2,2010
42.39,-85.37,14.455,root-mis,9.4,1012,0,6074068,2,2010
42.39,-85.37,16.6236,root-mis,9.4,1012,0,6074068,3,2011
42.39,-85.37,17.2093,root-mis,9.4,1012,0,6074068,2,2010
42.39,-85.37,18.1891,root-mis,9.4,1012,0,6074068,3,2011
42.39,-85.37,18.464,root-mis,9.4,1012,0,6074068,2,2010
42.39,-85.37,19.2444,root-mis,9.4,1012,0,6074068,3,2011
42.39,-85.37,22.1333,root-mis,9.4,1012,0,6074068,3,2011
33.42,-88.8,0.7635,Freedom-,16.8,1408,0,6074068,2,2010
33.42,-88.8,0.8045,Freedom-,16.8,1408,0,6074068,2,2010
33.42,-88.8,0.976,Freedom-,16.8,1408,0,6074068,2,2010
33.42,-88.8,1.029,Freedom-,16.8,1408,0,6074068,2,2010
33.42,-88.8,10.6156,Freedom-,16.8,1408,0,6074068,2,2010
33.42,-88.8,14.2377,Freedom-,16.8,1408,0,6074068,2,2010
33.42,-88.8,14.2511,Freedom-,16.8,1408,0,6074068,2,2010
33.42,-88.8,14.4132,Freedom-,16.8,1408,0,6074068,3,2011
33.42,-88.8,15.335,Freedom-,16.8,1408,0,6074068,3,2011
33.42,-88.8,16.4193,Freedom-,16.8,1408,0,6074068,2,2010
33.42,-88.8,17.5934,Freedom-,16.8,1408,0,6074068,3,2011
33.42,-88.8,17.7792,Freedom-,16.8,1408,0,6074068,3,2011
33.42,-88.8,0.5825,Miscanthus,16.8,1408,0,10000,2,2010
33.42,-88.8,0.795,Miscanthus,16.8,1408,0,10000,2,2010
33.42,-88.8,0.848,Miscanthus,16.8,1408,0,10000,2,2010
33.42,-88.8,0.9715,Miscanthus,16.8,1408,0,10000,2,2010
33.42,-88.8,6.9254,Miscanthus,16.8,1408,0,10000,2,2010
33.42,-88.8,9.4253,Miscanthus,16.8,1408,0,10000,2,2010
33.42,-88.8,11.3067,Miscanthus,16.8,1408,0,10000,3,2011
33.42,-88.8,14.13,Miscanthus,16.8,1408,0,10000,3,2011
33.42,-88.8,19.0562,Miscanthus,16.8,1408,0,10000,2,2010
33.42,-88.8,19.292,Miscanthus,16.8,1408,0,10000,2,2010
33.42,-88.8,28.9412,Miscanthus,16.8,1408,0,10000,3,2011
33.42,-88.8,29.0588,Miscanthus,16.8,1408,0,10000,3,2011
33.42,-88.8,0.038,Panicum,16.8,1408,0,6074068,2,2010
33.42,-88.8,0.226,Panicum,16.8,1408,0,6074068,2,2010
33.42,-88.8,0.333,Panicum,16.8,1408,0,6074068,2,2010
33.42,-88.8,0.7385,Panicum,16.8,1408,0,6074068,2,2010
33.42,-88.8,9.4444,Panicum,16.8,1408,0,6074068,3,2011
33.42,-88.8,11.04,Panicum,16.8,1408,0,6074068,3,2011
33.42,-88.8,11.9136,Panicum,16.8,1408,0,6074068,3,2011
33.42,-88.8,12.2872,Panicum,16.8,1408,0,6074068,2,2010
33.42,-88.8,13.6141,Panicum,16.8,1408,0,6074068,2,2010
33.42,-88.8,13.6887,Panicum,16.8,1408,0,6074068,2,2010
33.42,-88.8,15.8307,Panicum,16.8,1408,0,6074068,2,2010
33.42,-88.8,17.95,Panicum,16.8,1408,0,6074068,3,2011
40.46,-74.43,0.3211,Miscanthus,10.2,1267,0,10000,2,2010
40.46,-74.43,0.4159,Miscanthus,10.2,1267,0,10000,2,2010
40.46,-74.43,1.7417,Miscanthus,10.2,1267,0,10000,2,2010
40.46,-74.43,2.4825,Miscanthus,10.2,1267,0,10000,3,2011
40.46,-74.43,6.4253,Miscanthus,10.2,1267,0,10000,3,2011
40.46,-74.43,13.1338,Miscanthus,10.2,1267,0,10000,3,2011
40.46,-74.43,0.1313,Panicum,10.2,1267,0,6074068,2,2010
40.46,-74.43,0.2295,Panicum,10.2,1267,0,6074068,2,2010
40.46,-74.43,0.4395,Panicum,10.2,1267,0,6074068,2,2010
40.46,-74.43,10.8167,Panicum,10.2,1267,0,6074068,3,2011
40.46,-74.43,11.83,Panicum,10.2,1267,0,6074068,3,2011
40.46,-74.43,13.0079,Panicum,10.2,1267,0,6074068,3,2011
40.46,-74.43,13.9142,Panicum,10.2,1267,0,6074068,3,2011
35.99,-97.05,0.68,Miscanthus,15.2,932,0,10000,2,2010
35.99,-97.05,0.97,Miscanthus,15.2,932,0,10000,2,2010
35.99,-97.05,1.055,Miscanthus,15.2,932,0,10000,2,2010
35.99,-97.05,1.145,Miscanthus,15.2,932,0,10000,2,2010
35.99,-97.05,5.6395,Miscanthus,15.2,932,0,10000,3,2011
35.99,-97.05,6.1873,Miscanthus,15.2,932,0,10000,3,2011
35.99,-97.05,6.295,Miscanthus,15.2,932,0,10000,3,2011
35.99,-97.05,7.0867000000000004,Miscanthus,15.2,932,0,10000,3,2011
35.99,-97.05,10.2796,Miscanthus,15.2,932,0,10000,2,2010
35.99,-97.05,10.6833,Miscanthus,15.2,932,0,10000,2,2010
35.99,-97.05,10.925,Miscanthus,15.2,932,0,10000,2,2010
35.99,-97.05,11.8243,Miscanthus,15.2,932,0,10000,2,2010
35.99,-97.05,0.555,Panicum,15.2,932,0,6074068,2,2010
35.99,-97.05,0.58,Panicum,15.2,932,0,6074068,2,2010
35.99,-97.05,0.615,Panicum,15.2,932,0,6074068,2,2010
35.99,-97.05,0.7,Panicum,15.2,932,0,6074068,2,2010
35.99,-97.05,6.4404,Panicum,15.2,932,0,6074068,3,2011
35.99,-97.05,7.0571,Panicum,15.2,932,0,6074068,3,2011
35.99,-97.05,8.8442,Panicum,15.2,932,0,6074068,3,2011
35.99,-97.05,10.95,Panicum,15.2,932,0,6074068,3,2011
35.99,-97.05,12.6781,Panicum,15.2,932,0,6074068,2,2010
35.99,-97.05,14.4975,Panicum,15.2,932,0,6074068,2,2010
35.99,-97.05,14.8786,Panicum,15.2,932,0,6074068,2,2010
35.99,-97.05,15.54,Panicum,15.2,932,0,6074068,2,2010
43.64,-80.41,5.302,Miscanthus,6.3,939,0,10000,2,2011
43.64,-80.41,6.702,Miscanthus,6.3,939,0,10000,2,2011
43.64,-80.41,7.5418,Miscanthus,6.3,939,0,10000,2,2011
43.64,-80.41,7.59,Miscanthus,6.3,939,0,10000,2,2011
43.64,-80.41,7.491,Panicum,6.3,939,0,6074068,2,2011
43.64,-80.41,10.6611,Panicum,6.3,939,0,6074068,2,2011
43.64,-80.41,11.785,Panicum,6.3,939,0,6074068,2,2011
43.64,-80.41,14.04,Panicum,6.3,939,0,6074068,2,2011
44.37,-96.79,3.3691,Miscanthus,6.1,579,0,10000,3,2011
44.37,-96.79,4.0053,Miscanthus,6.1,579,0,10000,3,2011
44.37,-96.79,6.2318,Miscanthus,6.1,579,0,10000,3,2011
44.37,-96.79,6.4277,Miscanthus,6.1,579,0,10000,2,2010
44.37,-96.79,6.4984,Miscanthus,6.1,579,0,10000,2,2010
44.37,-96.79,6.5426,Miscanthus,6.1,579,0,10000,2,2010
44.37,-96.79,7.1336,Miscanthus,6.1,579,0,10000,3,2011
44.37,-96.79,8.3951,Miscanthus,6.1,579,0,10000,2,2010
44.37,-96.79,2.52,Panicum,6.1,579,0,6074068,2,2010
44.37,-96.79,6.51,Panicum,6.1,579,0,6074068,3,2011
44.37,-96.79,7.0651,Panicum,6.1,579,0,6074068,3,2011
44.37,-96.79,7.88,Panicum,6.1,579,0,6074068,2,2010
44.37,-96.79,8.4036,Panicum,6.1,579,0,6074068,2,2010
44.37,-96.79,8.7042,Panicum,6.1,579,0,6074068,2,2010
44.37,-96.79,9.1485,Panicum,6.1,579,0,6074068,3,2011
44.37,-96.79,9.1981,Panicum,6.1,579,0,6074068,3,2011
38.95,-88.96,17.3684,Miscanthus,13,930,0,10000,5,2008
38.95,-88.96,16.5789,Miscanthus,13,930,67,10000,5,2008
38.95,-88.96,23.1579,Miscanthus,13,930,134,10000,5,2008
38.95,-88.96,25.7895,Miscanthus,13,930,202,10000,5,2008
38.95,-88.96,14.7368,Panicum,13,930,0,6074068,5,2008
38.95,-88.96,12.8947,Panicum,13,930,67,6074068,5,2008
38.95,-88.96,13.9474,Panicum,13,930,134,6074068,5,2008
38.95,-88.96,21.0526,Panicum,13,930,202,6074068,5,2008
38.95,-88.96,10.7895,Miscanthus,13,930,0,10000,6,2009
38.95,-88.96,17.3684,Miscanthus,13,930,67,10000,6,2009
38.95,-88.96,16.3158,Miscanthus,13,930,134,10000,6,2009
38.95,-88.96,20,Miscanthus,13,930,202,10000,6,2009
38.95,-88.96,8.4211,Panicum,13,930,0,6074068,6,2009
38.95,-88.96,9.2105,Panicum,13,930,67,6074068,6,2009
38.95,-88.96,8.4211,Panicum,13,930,134,6074068,6,2009
38.95,-88.96,8.1579,Panicum,13,930,202,6074068,6,2009
38.95,-88.96,21.4737,Miscanthus,13,930,0,10000,7,2010
38.95,-88.96,26.7105,Miscanthus,13,930,67,10000,7,2010
38.95,-88.96,24.4342,Miscanthus,13,930,134,10000,7,2010
38.95,-88.96,24.3026,Miscanthus,13,930,202,10000,7,2010
38.95,-88.96,7.3684,Panicum,13,930,0,6074068,7,2010
38.95,-88.96,7.8948,Panicum,13,930,67,6074068,7,2010
38.95,-88.96,9.4737,Panicum,13,930,134,6074068,7,2010
38.95,-88.96,6.0527,Panicum,13,930,202,6074068,7,2010
41.85,-88.85,20.5263,Miscanthus,9,950,0,10000,6,2007
41.85,-88.85,28.4211,Miscanthus,9,950,67,10000,6,2007
41.85,-88.85,38.4211,Miscanthus,9,950,134,10000,6,2007
41.85,-88.85,38.1579,Miscanthus,9,950,202,10000,6,2007
41.85,-88.85,6.0527,Panicum,9,950,0,6074068,6,2007
41.85,-88.85,20.9211,Panicum,9,950,67,6074068,6,2007
41.85,-88.85,19.7369,Panicum,9,950,134,6074068,6,2007
41.85,-88.85,18.9474,Panicum,9,950,202,6074068,6,2007
41.85,-88.85,5.9649,Miscanthus,9,950,0,10000,7,2008
41.85,-88.85,16.8421,Miscanthus,9,950,67,10000,7,2008
41.85,-88.85,22.3684,Miscanthus,9,950,134,10000,7,2008
41.85,-88.85,25,Miscanthus,9,950,202,10000,7,2008
41.85,-88.85,10.2632,Panicum,9,950,0,6074068,7,2008
41.85,-88.85,17.3684,Panicum,9,950,67,6074068,7,2008
41.85,-88.85,16.3158,Panicum,9,950,134,6074068,7,2008
41.85,-88.85,19.4737,Panicum,9,950,202,6074068,7,2008
41.85,-88.85,9.2106,Miscanthus,9,950,0,10000,8,2009
41.85,-88.85,12.6316,Miscanthus,9,950,67,10000,8,2009
41.85,-88.85,15.7895,Miscanthus,9,950,134,10000,8,2009
41.85,-88.85,14.4737,Miscanthus,9,950,202,10000,8,2009
41.85,-88.85,5.2632,Panicum,9,950,0,6074068,8,2009
41.85,-88.85,8.9474,Panicum,9,950,67,6074068,8,2009
41.85,-88.85,12.8948,Panicum,9,950,134,6074068,8,2009
41.85,-88.85,11.579,Panicum,9,950,202,6074068,8,2009
41.85,-88.85,15.0877,Miscanthus,9,950,0,10000,9,2010
41.85,-88.85,16.1842,Miscanthus,9,950,67,10000,9,2010
41.85,-88.85,18.1579,Miscanthus,9,950,134,10000,9,2010
41.85,-88.85,14.0351,Miscanthus,9,950,202,10000,9,2010
41.85,-88.85,4.4737,Panicum,9,950,0,6074068,9,2010
41.85,-88.85,7.6316,Panicum,9,950,67,6074068,9,2010
41.85,-88.85,3.8597,Panicum,9,950,134,6074068,9,2010
41.85,-88.85,5.7895,Panicum,9,950,202,6074068,9,2010
37.45,-88.67,40,Miscanthus,15,1230,0,10000,6,2007
37.45,-88.67,37.8948,Miscanthus,15,1230,67,10000,6,2007
37.45,-88.67,39.2105,Miscanthus,15,1230,134,10000,6,2007
37.45,-88.67,41.0527,Miscanthus,15,1230,202,10000,6,2007
37.45,-88.67,12.8947,Panicum,15,1230,0,6074068,6,2007
37.45,-88.67,13.4211,Panicum,15,1230,67,6074068,6,2007
37.45,-88.67,16.0526,Panicum,15,1230,134,6074068,6,2007
37.45,-88.67,25,Panicum,15,1230,202,6074068,6,2007
37.45,-88.67,32.3684,Miscanthus,15,1230,0,10000,7,2008
37.45,-88.67,33.4211,Miscanthus,15,1230,67,10000,7,2008
37.45,-88.67,33.9474,Miscanthus,15,1230,134,10000,7,2008
37.45,-88.67,45.7895,Miscanthus,15,1230,202,10000,7,2008
37.45,-88.67,6.3158,Panicum,15,1230,0,6074068,7,2008
37.45,-88.67,8.6842,Panicum,15,1230,67,6074068,7,2008
37.45,-88.67,9.7368,Panicum,15,1230,134,6074068,7,2008
37.45,-88.67,13.9474,Panicum,15,1230,202,6074068,7,2008
37.45,-88.67,17.6316,Miscanthus,15,1230,0,10000,8,2009
37.45,-88.67,16.8421,Miscanthus,15,1230,67,10000,8,2009
37.45,-88.67,21.5789,Miscanthus,15,1230,134,10000,8,2009
37.45,-88.67,30.5263,Miscanthus,15,1230,202,10000,8,2009
37.45,-88.67,14.2105,Panicum,15,1230,0,6074068,8,2009
37.45,-88.67,12.8947,Panicum,15,1230,67,6074068,8,2009
37.45,-88.67,14.4737,Panicum,15,1230,134,6074068,8,2009
37.45,-88.67,18.9474,Panicum,15,1230,202,6074068,8,2009
37.45,-88.67,21.9474,Miscanthus,15,1230,0,10000,9,2010
37.45,-88.67,24.8421,Miscanthus,15,1230,67,10000,9,2010
37.45,-88.67,26.421,Miscanthus,15,1230,134,10000,9,2010
37.45,-88.67,27.7369,Miscanthus,15,1230,202,10000,9,2010
37.45,-88.67,8.6842,Panicum,15,1230,0,6074068,9,2010
37.45,-88.67,10,Panicum,15,1230,67,6074068,9,2010
37.45,-88.67,5.2632,Panicum,15,1230,134,6074068,9,2010
37.45,-88.67,14.4737,Panicum,15,1230,202,6074068,9,2010
38.38,-88.39,48.6842,Miscanthus,13,1120,0,10000,5,2008
38.38,-88.39,45.5263,Miscanthus,13,1120,67,10000,5,2008
38.38,-88.39,50,Miscanthus,13,1120,134,10000,5,2008
38.38,-88.39,50,Miscanthus,13,1120,202,10000,5,2008
38.38,-88.39,17.3684,Panicum,13,1120,0,6074068,5,2008
38.38,-88.39,19.7369,Panicum,13,1120,67,6074068,5,2008
38.38,-88.39,16.0526,Panicum,13,1120,134,6074068,5,2008
38.38,-88.39,22.3684,Panicum,13,1120,202,6074068,5,2008
38.38,-88.39,22.1053,Miscanthus,13,1120,0,10000,6,2009
38.38,-88.39,34.4737,Miscanthus,13,1120,67,10000,6,2009
38.38,-88.39,32.3684,Miscanthus,13,1120,134,10000,6,2009
38.38,-88.39,28.9474,Miscanthus,13,1120,202,10000,6,2009
38.38,-88.39,12.3685,Panicum,13,1120,0,6074068,6,2009
38.38,-88.39,7.8948,Panicum,13,1120,67,6074068,6,2009
38.38,-88.39,11.0526,Panicum,13,1120,134,6074068,6,2009
38.38,-88.39,7.8948,Panicum,13,1120,202,6074068,6,2009
38.38,-88.39,22.2105,Miscanthus,13,1120,0,10000,7,2010
38.38,-88.39,21.1579,Miscanthus,13,1120,67,10000,7,2010
38.38,-88.39,23.2632,Miscanthus,13,1120,134,10000,7,2010
38.38,-88.39,22.7369,Miscanthus,13,1120,202,10000,7,2010
38.38,-88.39,5.614,Panicum,13,1120,0,6074068,7,2010
38.38,-88.39,10,Panicum,13,1120,67,6074068,7,2010
38.38,-88.39,9.2106,Panicum,13,1120,134,6074068,7,2010
38.38,-88.39,11.8421,Panicum,13,1120,202,6074068,7,2010
40.3,-89.94,34.2105,Miscanthus,9,960,0,10000,5,2008
40.3,-89.94,42.3684,Miscanthus,9,960,67,10000,5,2008
40.3,-89.94,33.6842,Miscanthus,9,960,134,10000,5,2008
40.3,-89.94,37.1053,Miscanthus,9,960,202,10000,5,2008
40.3,-89.94,16.3158,Panicum,9,960,0,6074068,5,2008
40.3,-89.94,17.3684,Panicum,9,960,67,6074068,5,2008
40.3,-89.94,16.3158,Panicum,9,960,134,6074068,5,2008
40.3,-89.94,15.7895,Panicum,9,960,202,6074068,5,2008
40.3,-89.94,13.9474,Miscanthus,9,960,0,10000,6,2009
40.3,-89.94,10,Miscanthus,9,960,67,10000,6,2009
40.3,-89.94,17.3684,Miscanthus,9,960,134,10000,6,2009
40.3,-89.94,18.6842,Miscanthus,9,960,202,10000,6,2009
40.3,-89.94,6.0526,Panicum,9,960,0,6074068,6,2009
40.3,-89.94,7.6316,Panicum,9,960,67,6074068,6,2009
40.3,-89.94,5,Panicum,9,960,134,6074068,6,2009
40.3,-89.94,7.6316,Panicum,9,960,202,6074068,6,2009
40.3,-89.94,17.1053,Miscanthus,9,960,0,10000,7,2010
40.3,-89.94,20,Miscanthus,9,960,67,10000,7,2010
40.3,-89.94,14.2106,Miscanthus,9,960,134,10000,7,2010
40.3,-89.94,17.6316,Miscanthus,9,960,202,10000,7,2010
40.3,-89.94,8.4211,Panicum,9,960,0,6074068,7,2010
40.3,-89.94,8.4211,Panicum,9,960,67,6074068,7,2010
40.3,-89.94,7.1053,Panicum,9,960,134,6074068,7,2010
40.3,-89.94,5.2632,Panicum,9,960,202,6074068,7,2010
39.81,-90.82,31.8421,Miscanthus,9,960,0,10000,5,2008
39.81,-90.82,32.3684,Miscanthus,9,960,67,10000,5,2008
39.81,-90.82,31.0526,Miscanthus,9,960,134,10000,5,2008
39.81,-90.82,38.1579,Miscanthus,9,960,202,10000,5,2008
39.81,-90.82,12.6316,Panicum,9,960,0,6074068,5,2008
39.81,-90.82,14.2105,Panicum,9,960,67,6074068,5,2008
39.81,-90.82,13.6842,Panicum,9,960,134,6074068,5,2008
39.81,-90.82,17.1053,Panicum,9,960,202,6074068,5,2008
39.81,-90.82,20.2631,Miscanthus,9,960,0,10000,6,2009
39.81,-90.82,21.579,Miscanthus,9,960,67,10000,6,2009
39.81,-90.82,20.5263,Miscanthus,9,960,134,10000,6,2009
39.81,-90.82,17.6316,Miscanthus,9,960,202,10000,6,2009
39.81,-90.82,9.7369,Panicum,9,960,0,6074068,6,2009
39.81,-90.82,9.2105,Panicum,9,960,67,6074068,6,2009
39.81,-90.82,8.9474,Panicum,9,960,134,6074068,6,2009
39.81,-90.82,10.7895,Panicum,9,960,202,6074068,6,2009
39.81,-90.82,17.0263,Miscanthus,9,960,0,10000,7,2010
39.81,-90.82,18.6448,Miscanthus,9,960,67,10000,7,2010
39.81,-90.82,23.4474,Miscanthus,9,960,134,10000,7,2010
39.81,-90.82,29.6974,Miscanthus,9,960,202,10000,7,2010
39.81,-90.82,8.1579,Panicum,9,960,0,6074068,7,2010
39.81,-90.82,6.3158,Panicum,9,960,67,6074068,7,2010
39.81,-90.82,5,Panicum,9,960,134,6074068,7,2010
39.81,-90.82,6.0527,Panicum,9,960,202,6074068,7,2010
40.08,-88.23,36.3158,Miscanthus,11,1040,0,10000,7,2008
40.08,-88.23,42.6316,Miscanthus,11,1040,67,10000,7,2008
40.08,-88.23,34.2105,Miscanthus,11,1040,134,10000,7,2008
40.08,-88.23,42.8948,Miscanthus,11,1040,202,10000,7,2008
40.08,-88.23,17.6316,Panicum,11,1040,0,6074068,7,2008
40.08,-88.23,17.3684,Panicum,11,1040,67,6074068,7,2008
40.08,-88.23,26.579,Panicum,11,1040,134,6074068,7,2008
40.08,-88.23,20.7895,Panicum,11,1040,202,6074068,7,2008
40.08,-88.23,23.1579,Miscanthus,11,1040,0,10000,8,2009
40.08,-88.23,27.8948,Miscanthus,11,1040,67,10000,8,2009
40.08,-88.23,28.1579,Miscanthus,11,1040,134,10000,8,2009
40.08,-88.23,18.1579,Miscanthus,11,1040,202,10000,8,2009
40.08,-88.23,11.8421,Panicum,11,1040,0,6074068,8,2009
40.08,-88.23,17.3684,Panicum,11,1040,67,6074068,8,2009
40.08,-88.23,12.1053,Panicum,11,1040,134,6074068,8,2009
40.08,-88.23,7.8948,Panicum,11,1040,202,6074068,8,2009
40.08,-88.23,25.2632,Miscanthus,11,1040,0,10000,9,2010
40.08,-88.23,27.8947,Miscanthus,11,1040,67,10000,9,2010
40.08,-88.23,29.7368,Miscanthus,11,1040,134,10000,9,2010
40.08,-88.23,28.9474,Miscanthus,11,1040,202,10000,9,2010
40.08,-88.23,11.579,Panicum,11,1040,0,6074068,9,2010
40.08,-88.23,11.579,Panicum,11,1040,67,6074068,9,2010
40.08,-88.23,8.9474,Panicum,11,1040,134,6074068,9,2010
40.08,-88.23,16.0526,Panicum,11,1040,202,6074068,9,2010
