"year","doy","hour","SolarR","Temp","RH","WS","precip"
2016,61,0,48287750.2441406,10.3974853515625,0.612550010681152,3.25699996948242,0
2016,61,2,-3105499.98283386,6.44326171875002,0.735400009155273,1.40174996852875,0
2016,61,2,-3388000.01144409,5.67925415039065,0.809250030517578,0.804000020027161,0
2016,61,4,-3388000.01144409,5.2130065917969,0.824000015258789,1.81774997711182,0
2016,61,4,-3388249.87411499,3.50875244140627,0.850250015258789,1.34049999713898,0
2016,61,6,-3388999.93896484,3.05800781250002,0.873249969482422,1.03125,0
2016,61,6,-3388999.93896484,2.83974609375002,0.882999954223633,1.45724999904633,0
2016,61,8,-3388999.93896484,3.4160095214844,0.894250030517578,1.64225006103516,0
2016,61,8,-3388750.07629395,3.85775146484377,0.867249984741211,2.47924995422363,0
2016,61,10,-3388999.93896484,1.9945007324219,0.9025,2.07399988174438,0
2016,61,10,-3388999.93896484,1.69149169921877,0.944000015258789,1.72074997425079,0
2016,61,12,-3388999.93896484,2.26723632812502,0.94125,1.78250002861023,0
2016,61,12,-3388999.93896484,2.79549560546877,0.930250015258789,2.4689998626709,0
2016,61,14,4348999.97711182,3.15401611328127,0.927750015258789,3.15599989891052,0
2016,61,14,103437500,5.14776000976565,0.874250030517578,3.36174988746643,0
2016,61,16,223324996.948242,6.78325805664065,0.806074981689453,3.16974997520447,0
2016,61,16,150550003.051758,7.89626464843752,0.798249969482422,3.95700001716614,0
2016,61,18,219250000,8.01076660156252,0.8425,4.75750017166138,0
2016,61,18,188125000,2.78524169921877,0.906000061035156,9.22749996185303,0
2016,61,20,161300003.051758,0.240747070312523,0.947249984741211,9.11000061035156,0
2016,61,20,184100006.103516,-0.686254882812477,0.931750030517578,9.21000003814697,0
2016,61,22,176500000,-1.74423828124998,0.91875,9.25500011444092,0
2016,61,22,109099998.474121,-2.64725341796873,0.880250015258789,8.86750030517578,0
2016,62,0,18135749.8168945,-3.32425537109373,0.790325012207031,8.06799983978271,0
2016,62,2,-3305250.16784668,-3.51999511718748,0.797900009155273,7.59000015258789,0
2016,62,2,-3390000.10490417,-3.60150756835935,0.793199996948242,6.86724996566772,0
2016,62,4,-3390000.10490417,-3.70725097656248,0.734799957275391,6.49125003814697,0
2016,62,4,-3390000.10490417,-3.43851318359373,0.74307502746582,5.48600006103516,0
2016,62,6,-3390000.10490417,-3.39401855468748,0.779175033569336,4.42574977874756,0
2016,62,6,-3390000.10490417,-3.72550048828123,0.806500015258789,4.71449995040894,0
2016,62,8,-3390000.10490417,-3.87851562499998,0.81125,3.85500001907349,0
2016,62,8,-3390000.10490417,-4.25424804687498,0.810999984741211,3.61525011062622,0
2016,62,10,-3390000.10490417,-4.56500854492185,0.791975021362305,3.76049995422363,0
2016,62,10,-3390000.10490417,-4.66950073242185,0.794875030517578,2.7979998588562,0
2016,62,12,-3390000.10490417,-5.47525634765623,0.810475006103516,3.72424983978271,0
2016,62,12,-3390250.20599365,-7.33051147460935,0.858499984741211,2.47049999237061,0
2016,62,14,30454750.0610352,-8.14023437499998,0.859000015258789,1.58975005149841,0
2016,62,14,294325012.207031,-6.93948974609373,0.819850006103516,1.86624991893768,0
2016,62,16,689575012.207031,-4.94949951171873,0.731575012207031,2.10649991035461,0
2016,62,16,1004250000,-3.3172668457031,0.690525054931641,2.58150005340576,0
2016,62,18,1.312e+09,-1.73276367187498,0.634775009155273,2.32675004005432,0
2016,62,18,1473250000,0.623742675781273,0.501275024414062,2.05900001525879,0
2016,62,20,1424250000,1.72075805664065,0.408274993896484,2.26824998855591,0
2016,62,20,1241500000,3.13973388671877,0.357449989318848,2.63800001144409,0
2016,62,22,781775024.414062,3.35799560546877,0.35002498626709,2.5792498588562,0
2016,62,22,622025024.414062,3.7390075683594,0.380574989318848,2.66074991226196,0
2016,63,0,29053749.0844727,1.15200195312502,0.570424995422363,2.92074990272522,0
2016,63,2,-3064249.99237061,0.581262207031273,0.667324981689453,2.08800005912781,0
2016,63,2,-3388999.93896484,0.584985351562523,0.697900009155273,2.62774991989136,0
2016,63,4,-3388999.93896484,0.653741455078148,0.731025009155273,3.00174999237061,0
2016,63,4,-3388999.93896484,0.630273437500023,0.755424957275391,2.8972499370575,0
2016,63,6,-3388999.93896484,0.489770507812523,0.785025024414063,2.74125003814697,0
2016,63,6,-3388999.93896484,0.511743164062523,0.795424957275391,4.4060001373291,0
2016,63,8,-3388999.93896484,0.450769042968773,0.835999984741211,4.56099987030029,0
2016,63,8,-3388999.93896484,0.308496093750023,0.857249984741211,4.50699996948242,0
2016,63,10,-3388999.93896484,0.0352416992187727,0.87625,5.04924964904785,0
2016,63,10,-3388999.93896484,-0.276495361328102,0.859250030517578,5.16074991226196,0
2016,63,12,-3388999.93896484,-0.192510986328102,0.870750045776367,3.38849997520447,0
2016,63,12,-3388999.93896484,-0.150488281249977,0.871750030517578,3.35699987411499,0
2016,63,14,3656749.96376038,0.296746826171898,0.859749984741211,3.51399993896484,0
2016,63,14,24947500.2288818,0.842736816406273,0.833249969482422,3.26900005340576,0
2016,63,16,57595001.2207031,0.819482421875023,0.890999984741211,2.39774990081787,1800
2016,63,16,92322494.5068359,1.36174926757815,0.936750030517578,1.91300010681152,1800
2016,63,18,128350006.103516,2.02724609375002,0.956500015258789,2.31349992752075,1800
2016,63,18,295524993.896484,2.68898925781252,0.966499938964844,4.61250019073486,1800
2016,63,20,188075012.207031,3.38173828125002,0.964250030517578,2.61875009536743,900
2016,63,20,164050003.051758,3.7759948730469,0.967249984741211,2.08150005340576,0
2016,63,22,165175003.051758,4.16475830078127,0.969499969482422,1.92550003528595,1800
2016,63,22,122159996.032715,4.27150878906252,0.972249984741211,1.71424996852875,900
2016,64,0,4546500.20599365,1.90999755859377,0.975749969482422,4.12650012969971,900
2016,64,2,-3346499.91989136,0.552758789062523,0.9825,4.62650012969971,900
2016,64,2,-3388999.93896484,0.0937438964843977,0.986499938964844,4.30324983596802,0
2016,64,4,-3388999.93896484,-0.140753173828102,0.987750015258789,3.7185001373291,0
2016,64,4,-3374749.89891052,-0.376989746093727,0.984250030517578,4.94225025177002,0
2016,64,6,-3388999.93896484,-0.632238769531227,0.968249969482422,5.1414999961853,0
2016,64,6,-3388999.93896484,-0.756994628906227,0.958499984741211,4.51300001144409,0
2016,64,8,-3388999.93896484,-0.956488037109352,0.938249969482422,4.93249988555908,0
2016,64,8,-3375000,-0.860021972656227,0.914250030517578,4.50874996185303,0
2016,64,10,-3388999.93896484,-0.968756103515602,0.9075,3.84800004959106,0
2016,64,10,-3388999.93896484,-0.983007812499977,0.868000030517578,3.58500003814697,0
2016,64,12,-3389500.1411438,-1.50449218749998,0.855749969482422,3.2407500743866,0
2016,64,12,-3333500.14686584,-2.4537414550781,0.88375,2.90149998664856,0
2016,64,14,36967498.7792969,-2.98825683593748,0.8925,2.63775014877319,0
2016,64,14,312625000,-2.32950439453123,0.844499969482422,2.87750005722046,0
2016,64,16,704250000,-1.1987365722656,0.787350006103516,2.25099992752075,0
2016,64,16,1064250000,0.197991943359398,0.736750030517578,2.2902500629425,0
2016,64,18,1.375e+09,1.01824340820315,0.719800033569336,2.62199997901917,0
2016,64,18,1337175048.82812,2.10750732421877,0.683475036621094,2.20924997329712,0
2016,64,20,1.253e+09,4.53725585937502,0.598875007629394,1.24374997615814,0
2016,64,20,1.068e+09,4.81649169921877,0.583899993896484,1.28824996948242,0
2016,64,22,1032750000,5.8332458496094,0.552224998474121,1.35474991798401,0
2016,64,22,674724975.585938,6.26198730468752,0.551800003051758,2.18674993515015,0
2016,65,0,51102748.8708496,2.0887390136719,0.707425003051758,1.84675002098083,0
2016,65,2,-2838249.92179871,0.475976562500023,0.824875030517578,1.96525001525879,0
2016,65,2,-3374749.89891052,-0.00400390624997726,0.895500030517578,2.46950006484985,0
2016,65,4,-3388999.93896484,-0.0517639160156023,0.89125,2.95099997520447,0
2016,65,4,-3388999.93896484,0.257501220703148,0.898499984741211,2.18225002288818,0
2016,65,6,-3388999.93896484,0.646997070312523,0.89625,1.67124998569489,0
2016,65,6,-3388999.93896484,1.17476806640627,0.909000015258789,1.84125006198883,0
2016,65,8,-3388999.93896484,1.08098754882815,0.926500015258789,2.2262499332428,0
2016,65,8,-3388999.93896484,1.00301513671877,0.936750030517578,2.33124995231628,0
2016,65,10,-3388999.93896484,0.879510498046898,0.94375,3.24574995040894,0
2016,65,10,-3388999.93896484,0.777490234375023,0.95375,2.79924988746643,0
2016,65,12,-3388999.93896484,0.899987792968773,0.961999969482422,2.94000005722046,0
2016,65,12,-3388999.93896484,1.25100097656252,0.967249984741211,2.96724987030029,0
2016,65,14,8428500.17547607,1.49251708984377,0.970500030517578,2.74974989891052,0
2016,65,14,96050003.0517578,1.89849243164065,0.973500061035156,3.08349990844727,0
2016,65,16,382375000,2.76101074218752,0.949499969482422,4.13625001907349,0
2016,65,16,508750000,4.12600097656252,0.88,3.48825001716614,0
2016,65,18,521799987.792969,4.88326416015627,0.821374969482422,4.41149997711182,0
2016,65,18,616875000,5.61800537109377,0.754049987792969,5.16774988174438,0
2016,65,20,495724975.585938,5.82698974609377,0.711500015258789,5.63724994659424,0
2016,65,20,351424987.792969,5.7447448730469,0.737099990844727,5.39274978637695,0
2016,65,22,227299987.792969,5.54049072265627,0.759974975585938,5.58150005340576,0
2016,65,22,188125000,5.45400390625002,0.765550003051758,5.61250019073486,0
2016,66,0,11759750.3662109,4.55776367187502,0.800625,4.99349975585938,0
2016,66,2,-3232749.93896484,3.92525634765627,0.835749969482422,4.13399982452393,0
2016,66,2,-3388750.07629395,3.5515075683594,0.825,3.52325010299683,0
2016,66,4,-3388999.93896484,3.30123291015627,0.816399993896484,2.68425011634827,0
2016,66,4,-3388999.93896484,3.1197448730469,0.817750015258789,2.13849997520447,0
2016,66,6,-3388999.93896484,2.9630065917969,0.813249969482422,1.8897500038147,0
2016,66,6,-3388999.93896484,2.67449340820315,0.777750015258789,1.9172500371933,0
2016,66,8,-3388999.93896484,2.06075439453127,0.787550048828125,0.769999980926514,0
2016,66,8,-3388999.93896484,1.6824890136719,0.79067497253418,0.802999973297119,0
2016,66,10,-3388999.93896484,1.72200927734377,0.780250015258789,1.25475001335144,0
2016,66,10,-3388999.93896484,0.884484863281273,0.821000061035156,1.14024996757507,0
2016,66,12,-3388999.93896484,-0.397253417968727,0.863249969482422,1.58249998092651,0
2016,66,12,-3290499.9256134,-1.32449951171873,0.91875,2.54099988937378,0
2016,66,14,42804248.8098145,-1.67899169921873,0.945250015258789,2.78875017166138,0
2016,66,14,3.02e+08,0.379754638671898,0.956750030517578,3.8970000743866,0
2016,66,16,700224975.585938,2.77773437500002,0.885749969482422,4.94899988174438,0
2016,66,16,1008500000,5.04299316406252,0.815200042724609,5.04500007629395,0
2016,66,18,1.117e+09,6.82576904296877,0.746324996948242,5.29675006866455,0
2016,66,18,1340750000,8.8799987792969,0.679300003051758,5.34625005722046,0
2016,66,20,1.531e+09,11.0075012207031,0.616674995422363,5.33325004577637,0
2016,66,20,1404750000,12.6,0.565974998474121,5.46750020980835,0
2016,66,22,814974975.585938,12.547509765625,0.548474998474121,5.86525011062622,0
2016,66,22,648450012.207031,12.5924926757813,0.543274993896484,6.07324981689453,0
2016,67,0,22524999.6185303,9.33248291015627,0.712900009155273,5.09324979782104,0
2016,67,2,-2865750.0743866,8.79750976562502,0.733349990844727,6.12925004959106,0
2016,67,2,-3388000.01144409,8.52999267578127,0.721524963378906,5.87249994277954,0
2016,67,4,-3388000.01144409,8.08126220703127,0.750724945068359,5.08549976348877,0
2016,67,4,-3388000.01144409,7.18026123046877,0.773850021362305,3.88275003433228,0
2016,67,6,-3388000.01144409,6.31524047851565,0.810749969482422,4.59875011444092,0
2016,67,6,-3388000.01144409,6.09224853515627,0.797225036621094,3.20825004577637,0
2016,67,8,-3388000.01144409,5.4479919433594,0.826500015258789,3.22950005531311,0
2016,67,8,-3388000.01144409,6.46224365234377,0.793450012207031,3.54200005531311,0
2016,67,10,-3388000.01144409,6.4737487792969,0.790124969482422,2.42525005340576,0
2016,67,10,-3388000.01144409,6.32650146484377,0.806100006103516,2.60249996185303,0
2016,67,12,-3388000.01144409,6.98726806640627,0.795250015258789,2.32699990272522,0
2016,67,12,-3388000.01144409,7.45626220703127,0.801450042724609,3.76874995231628,4500
2016,67,14,12126250.2670288,6.8070007324219,0.87375,4.57200002670288,0
2016,67,14,72055000.3051758,7.34749755859377,0.884499969482422,4.76049995422363,0
2016,67,16,72457504.2724609,8.42250976562502,0.902249984741211,4.70574998855591,0
2016,67,16,73925003.0517578,8.8850036621094,0.94375,5.05525016784668,3600
2016,67,18,287100006.103516,9.33001098632815,0.93875,4.97574996948242,0
2016,67,18,357825012.207031,10.8999877929688,0.885749969482422,5.30074977874756,0
2016,67,20,271049987.792969,11.7074829101563,0.853000030517578,4.69374990463257,0
2016,67,20,819750000,14.62001953125,0.804400024414063,4.72599983215332,0
2016,67,22,829099975.585938,17.9999938964844,0.647750015258789,5.8585000038147,0
2016,67,22,296674987.792969,17.5700012207031,0.614300003051758,4.77524995803833,0
2016,68,0,44656501.7700195,14.8724914550781,0.679300003051758,3.80100011825562,0
2016,68,2,-2708750.00953674,12.9875122070313,0.706600036621094,3.68499994277954,0
2016,68,2,-3385999.91798401,11.0775085449219,0.765124969482422,2.95499992370605,0
2016,68,4,-3385999.91798401,11.9150024414063,0.73807502746582,3.83925008773804,0
2016,68,4,-3385999.91798401,11.0375,0.769100036621094,3.28725004196167,0
2016,68,6,-3387000.08392334,10.6400085449219,0.792649993896484,3.54250001907349,0
2016,68,6,-3386499.88174438,11.5299926757813,0.833249969482422,3.42724990844727,0
2016,68,8,-3385999.91798401,11.9999938964844,0.845,3.15599989891052,0
2016,68,8,-3385999.91798401,11.5324951171875,0.85125,2.20574998855591,0
2016,68,10,-3385999.91798401,11.3225036621094,0.838249969482422,2.69024991989136,0
2016,68,10,-3385999.91798401,11.3724914550781,0.83,2.52075004577637,0
2016,68,12,-3385999.91798401,11.5674987792969,0.827000045776367,3.2810001373291,0
2016,68,12,-3230999.94659424,11.4175048828125,0.804599990844727,3.64100003242493,0
2016,68,14,33134998.3215332,11.0824829101563,0.797875061035156,4.25174999237061,0
2016,68,14,141699996.948242,11.4775024414063,0.782099990844727,4.67650032043457,0
2016,68,16,600424987.792969,14.1775146484375,0.724349975585938,6.23000001907349,0
2016,68,16,1.054e+09,16.3200012207031,0.71567497253418,7.16200017929077,0
2016,68,18,1.118e+09,17.7675109863281,0.698325042724609,7.73724985122681,0
2016,68,18,1250500000,19.4800048828125,0.645574951171875,7.74349975585938,0
2016,68,20,801799987.792969,19.7600036621094,0.642649993896484,7.41300010681152,0
2016,68,20,1091500000,20.4150024414063,0.619200019836426,7.75150012969971,0
2016,68,22,1.18e+09,22.1750122070313,0.574749984741211,7.39874982833862,0
2016,68,22,750549987.792969,21.5725036621094,0.607950019836426,7.10374975204468,0
2016,69,0,75894996.6430664,18.4825073242188,0.734400024414062,3.7480001449585,0
2016,69,2,-2679749.96566772,16.3324829101563,0.828000030517578,3.61100006103516,0
2016,69,2,-3385499.95422363,14.9475036621094,0.871999969482422,2.95099997520447,0
2016,69,4,-3385999.91798401,14.05751953125,0.896500015258789,2.35975003242493,0
2016,69,4,-3385999.91798401,13.8300109863281,0.918499984741211,3.38925004005432,0
2016,69,6,-3385999.91798401,14.7600036621094,0.879250030517578,3.79150009155273,0
2016,69,6,-3385999.91798401,14.8300109863281,0.850749969482422,4.51525020599365,0
2016,69,8,-3385999.91798401,14.7524963378906,0.821500015258789,5.88549995422363,0
2016,69,8,-3385999.91798401,15.7524963378906,0.767925033569336,6.22525024414062,0
2016,69,10,-3385999.91798401,15.6375061035156,0.79495002746582,5.50374984741211,0
2016,69,10,-3385999.91798401,14.8374877929688,0.822250061035156,3.68475008010864,0
2016,69,12,-3385999.91798401,14.0649963378906,0.854499969482422,2.27675008773804,0
2016,69,12,-3244999.88555908,13.5700012207031,0.885999984741211,3.01125001907349,0
2016,69,14,23570999.1455078,13.3850036621094,0.9,2.87925004959106,0
2016,69,14,209899993.896484,14.5375,0.886750030517578,3.94324994087219,0
2016,69,16,388349975.585938,16.297509765625,0.851500015258789,5.11700010299683,0
2016,69,16,378825012.207031,16.9150024414063,0.819000015258789,5.08825016021729,0
2016,69,18,444375000,17.7900024414063,0.777399978637695,5.57499980926514,0
2016,69,18,568599975.585938,18.7849975585938,0.739499969482422,5.35025024414062,0
2016,69,20,414475006.103516,18.8875061035156,0.735650024414062,4.98675012588501,0
2016,69,20,226049987.792969,17.85,0.779625015258789,4.12249994277954,0
2016,69,22,480700012.207031,18.1350036621094,0.81067497253418,3.11525011062622,0
2016,69,22,114235000.610352,17.5624938964844,0.824974975585937,2.8912501335144,0
2016,70,0,17800498.9624023,15.3449951171875,0.935,2.79425001144409,0
2016,70,2,-3131749.86839294,14.5224853515625,0.951750030517578,4.0149998664856,0
2016,70,2,-3385999.91798401,13.9324890136719,0.968999938964844,3.73300004005432,0
2016,70,4,-3385999.91798401,13.7375122070313,0.979749984741211,2.25999999046326,0
2016,70,4,-3385999.91798401,13.5249877929688,0.984499969482422,2.5845000743866,0
2016,70,6,-3385999.91798401,13.3575073242188,0.988249969482422,1.91324996948242,0
2016,70,6,-3385999.91798401,13.2425170898438,0.990749969482422,0.912500023841858,0
2016,70,8,-3385999.91798401,13.1599975585938,0.991749954223633,1.17999994754791,2700
2016,70,8,-3385999.91798401,11.5974975585938,0.987249984741211,5.64674997329712,6300
2016,70,10,-3387000.08392334,9.8749938964844,0.983249969482422,4.09999990463257,1800
2016,70,10,-3387750.14877319,9.20748291015627,0.985,3.5385000705719,0
2016,70,12,-3388000.01144409,8.74501953125002,0.972249984741211,4.13675022125244,0
2016,70,12,-3388000.01144409,8.51250610351565,0.952249984741211,3.70550012588501,0
2016,70,14,5885250.09155273,8.36251220703127,0.947750015258789,3.01775002479553,0
2016,70,14,57805000.3051758,8.2075134277344,0.943249969482422,4.09700012207031,0
2016,70,16,193799987.792969,8.39998779296877,0.946750030517578,4.39524984359741,0
2016,70,16,225149993.896484,8.69997558593752,0.937249984741211,4.49475002288818,0
2016,70,18,276700012.207031,8.7025085449219,0.90375,4.29899978637695,0
2016,70,18,343500000,8.87249145507815,0.906499938964844,4.47949981689453,0
2016,70,20,481825012.207031,9.29500732421877,0.901750030517578,4.97774982452393,0
2016,70,20,341674987.792969,9.41500244140627,0.8825,4.38424968719482,0
2016,70,22,211199996.948242,9.27248535156252,0.8825,4.30474996566772,0
2016,70,22,194475006.103516,9.39998779296877,0.87125,3.29874992370605,0
2016,71,0,25618999.4812012,8.8749938964844,0.880749969482422,1.70924997329712,0
2016,71,2,-2696249.96185303,8.42751464843752,0.893499984741211,0.909250020980835,0
2016,71,2,-3388000.01144409,7.90825805664065,0.91625,1.65374994277954,0
2016,71,4,-3388000.01144409,7.71773681640627,0.895749969482422,2.2335000038147,0
2016,71,4,-3388000.01144409,6.6555114746094,0.920749969482422,2.00274991989136,0
2016,71,6,-3388000.01144409,5.6710144042969,0.908499984741211,1.72825002670288,0
2016,71,6,-3388000.01144409,4.97548828125002,0.928249969482422,1.59800004959106,0
2016,71,8,-3388000.01144409,4.42598876953127,0.941999969482422,1.35025000572205,0
2016,71,8,-3388000.01144409,4.32998046875002,0.958499984741211,2.07574987411499,0
2016,71,10,-3388000.01144409,4.09749755859377,0.952750015258789,2.07224988937378,0
2016,71,10,-3388249.87411499,3.6507507324219,0.946999969482422,2.30800008773804,0
2016,71,12,-3388999.93896484,2.8174987792969,0.95125,1.83325004577637,0
2016,71,12,-2979500.05531311,2.39949951171877,0.962249984741211,2.14575004577637,0
2016,71,14,37897499.0844727,2.43074951171877,0.965250015258789,2.70274996757507,0
2016,71,14,229675003.051758,2.99001464843752,0.961999969482422,3.22449994087219,0
2016,71,16,547325012.207031,4.41948852539065,0.931999969482422,4.14949989318848,0
2016,71,16,819424987.792969,6.05098876953127,0.875749969482422,4.05649995803833,0
2016,71,18,1.089e+09,7.4687438964844,0.859749984741211,3.37424993515015,0
2016,71,18,1345250000,9.71248779296877,0.798024978637695,3.00699996948242,0
2016,71,20,1380750000,11.6450134277344,0.7375,2.97000002861023,0
2016,71,20,1259250000,12.7549987792969,0.702149963378906,3.03800010681152,0
2016,71,22,756150024.414062,13.0450073242188,0.693199996948242,2.71849989891052,0
2016,71,22,644650024.414062,13.6075073242188,0.676800003051758,2.47025012969971,0
2016,72,0,71497497.5585938,11.6075073242188,0.803625030517578,2.35150003433228,0
2016,72,2,-2286499.97711182,9.59749755859377,0.861500015258789,2.125,0
2016,72,2,-3388000.01144409,7.96074829101565,0.901500015258789,1.85249996185303,0
2016,72,4,-3388000.01144409,7.2860046386719,0.935999984741211,1.90425002574921,0
2016,72,4,-3388000.01144409,7.72100219726565,0.92625,2.12549996376038,0
2016,72,6,-3388000.01144409,6.87923583984377,0.94125,2.14199995994568,0
2016,72,6,-3388000.01144409,6.10100708007815,0.952249984741211,1.84649991989136,0
2016,72,8,-3388000.01144409,5.8120056152344,0.967249984741211,1.84100008010864,0
2016,72,8,-3388000.01144409,5.38948974609377,0.972750015258789,1.89699995517731,0
2016,72,10,-3388000.01144409,5.34401855468752,0.980250015258789,1.65050005912781,0
2016,72,10,-3388000.01144409,6.0622497558594,0.986500015258789,1.98975002765656,0
2016,72,12,-3388000.01144409,6.48848876953127,0.988250045776367,2.44000005722046,0
2016,72,12,-2921999.93133545,6.49074707031252,0.9875,1.23149991035461,0
2016,72,14,31713001.2512207,6.62325439453127,0.988499984741211,1.47274994850159,0
2016,72,14,137250000,7.39299926757815,0.987750015258789,1.65199995040894,0
2016,72,16,302024993.896484,8.20501098632815,0.973999938964844,2.37525010108948,0
2016,72,16,267399993.896484,9.0624938964844,0.957249984741211,2.71224999427795,0
2016,72,18,573224975.585938,10.4550109863281,0.92,3.02649998664856,0
2016,72,18,656025024.414062,12.1150146484375,0.867750015258789,3.07525014877319,0
2016,72,20,428350006.103516,12.964990234375,0.84625,2.67400002479553,0
2016,72,20,556174987.792969,13.5125061035156,0.840250015258789,3.61800003051758,0
2016,72,22,289500000,14.0150085449219,0.819750061035156,2.94624996185303,0
2016,72,22,180350006.103516,13.6700073242188,0.816999969482422,3.23250007629395,0
2016,73,0,18693750.3814697,12.5425048828125,0.857249984741211,3.1322500705719,0
2016,73,2,-2751250.02861023,12.1249938964844,0.881000061035156,3.07025003433228,0
2016,73,2,-3385999.91798401,11.7799926757813,0.899250030517578,3.03800010681152,0
2016,73,4,-3385999.91798401,11.4275146484375,0.935,3.10625004768372,0
2016,73,4,-3387000.08392334,11.4800048828125,0.965250015258789,3.39774990081787,0
2016,73,6,-3387000.08392334,11.5200134277344,0.978499984741211,3.65474987030029,0
2016,73,6,-3387000.08392334,11.3025146484375,0.983000030517578,2.99349999427795,22500
2016,73,8,-3387000.08392334,11.1924987792969,0.99,3.23850011825562,900
2016,73,8,-3387000.08392334,11.1574951171875,0.99375,3.06299996376038,0
2016,73,10,-3387000.08392334,11.1299987792969,0.995999984741211,2.58550000190735,900
2016,73,10,-3387000.08392334,11.1849914550781,0.997750015258789,1.96449995040894,8100
2016,73,12,-3387000.08392334,11.3949829101563,0.999499969482422,2.25699996948242,900
2016,73,12,-3189249.99237061,11.4974914550781,1,2.20350003242493,0
2016,73,14,9609999.65667725,11.5075012207031,1,2.12100005149841,900
2016,73,14,44577499.3896484,11.8724914550781,1,2.29174995422363,0
2016,73,16,90767501.8310547,12.3825012207031,1,2.5845000743866,12600
2016,73,16,268350006.103516,13.6650024414063,1,2.7039999961853,1800
2016,73,18,267700012.207031,14.8250061035156,1,3.02850008010864,900
2016,73,18,344500000,15.20498046875,1,2.19075012207031,0
2016,73,20,350725006.103516,15.4574829101563,1,1.9760000705719,0
2016,73,20,553174987.792969,15.9275146484375,1,1.84549999237061,2700
2016,73,22,470125000,16.8525024414063,0.98375,1.84625005722046,0
2016,73,22,270450012.207031,16.3374877929688,0.943499984741211,2.61350011825562,0
2016,74,0,23809000.0152588,15.32998046875,0.9725,2.02474999427795,0
2016,74,2,-2342000.00762939,14.6225219726563,0.978499984741211,3.52325010299683,0
2016,74,2,-3385999.91798401,14.0324951171875,0.980250015258789,3.05375003814697,0
2016,74,4,-3385999.91798401,13.6325012207031,0.985749969482422,2.60524988174438,0
2016,74,4,-3385999.91798401,13.2549987792969,0.994250030517578,2.10524988174438,0
2016,74,6,-3385999.91798401,13.0224853515625,0.9975,1.71200001239777,0
2016,74,6,-3385999.91798401,12.7474914550781,0.999250030517578,1.3934999704361,0
2016,74,8,-3385999.91798401,12.5599914550781,1,1.32675004005432,0
2016,74,8,-3385999.91798401,12.4074951171875,1,1.15425002574921,0
2016,74,10,-3385999.91798401,12.2275024414063,1,0.746749997138977,0
2016,74,10,-3385999.91798401,12.1375061035156,1,0.590499997138977,0
2016,74,12,-3385999.91798401,12.05751953125,1,1.29524993896484,0
2016,74,12,-2906250,12.1599975585938,1,2.02349996566772,0
2016,74,14,12670000.0762939,12.1950012207031,1,1.26499998569489,0
2016,74,14,99962501.5258789,12.3250061035156,1,1.31000006198883,0
2016,74,16,148050003.051758,12.4475036621094,1,1.12825000286102,0
2016,74,16,422199981.689453,12.8449951171875,0.999749984741211,1.60474991798401,0
2016,74,18,483575012.207031,13.4175048828125,0.96125,2.60500001907349,0
2016,74,18,413875000,13.5725036621094,0.929250030517578,3.16074991226196,0
2016,74,20,264450012.207031,13.1249938964844,0.93625,3.34474992752075,0
2016,74,20,373125000,13.2700134277344,0.919749984741211,2.87400007247925,0
2016,74,22,497175018.310547,14.0824829101563,0.862249984741211,2.64549994468689,0
2016,74,22,186975006.103516,13.6075073242188,0.876999969482422,2.99399995803833,0
2016,75,0,26470748.9013672,12.8300109863281,0.92125,2.23049998283386,0
2016,75,2,-2751250.02861023,12.475,0.928499984741211,1.17149996757507,0
2016,75,2,-3385999.91798401,12.1299987792969,0.936500015258789,0.776000022888184,0
2016,75,4,-3386250.01907349,10.6975036621094,0.937249984741211,0.674499988555908,0
2016,75,4,-3387249.94659424,9.14998779296877,0.952249984741211,1.50824999809265,0
2016,75,6,-3388000.01144409,8.17348632812502,0.966750030517578,1.1452499628067,0
2016,75,6,-3388000.01144409,7.53402099609377,0.974250030517578,1.14324998855591,0
2016,75,8,-3388000.01144409,6.64351806640627,0.980500030517578,0.773000001907349,0
2016,75,8,-3388000.01144409,6.77276000976565,0.986999969482422,1.26499998569489,0
2016,75,10,-3388000.01144409,6.86550292968752,0.994000015258789,1.85699999332428,0
2016,75,10,-3388000.01144409,7.23674926757815,0.999250030517578,2.03274989128113,0
2016,75,12,-3388000.01144409,7.1972595214844,1,2.6872501373291,0
2016,75,12,-2385750.05531311,7.63799438476565,1,3.28150010108948,0
2016,75,14,62375000,8.3850036621094,1,4.21799993515015,0
2016,75,14,353600006.103516,9.93502197265627,1,5.45125007629395,0
2016,75,16,738125000,12.1475158691406,1,6.97125005722046,0
2016,75,16,1.071e+09,14.5299926757813,0.96125,7.22599983215332,0
2016,75,18,1302750000,17.1274963378906,0.859749984741211,7.56599998474121,0
2016,75,18,1403750000,19.0600219726563,0.779599990844727,7.9835000038147,0
2016,75,20,1606750000,20.9624877929688,0.68807502746582,8.29750061035156,0
2016,75,20,1368250000,22.1425109863281,0.644625015258789,8.11625003814697,0
2016,75,22,1249250000,23.6299987792969,0.591575012207031,7.63674974441528,0
2016,75,22,879799987.792969,23.7375122070313,0.596399993896484,7.46574974060059,0
2016,76,0,106630004.882812,21.5500122070313,0.687900009155273,4.00624990463257,0
2016,76,2,-1608000.04005432,17.9949890136719,0.816425018310547,3.32625007629395,0
2016,76,2,-3384999.99046326,16.9524780273438,0.868000030517578,4.73099994659424,0
2016,76,4,-3384999.99046326,17.839990234375,0.829499969482422,6.03874969482422,0
2016,76,4,-3384999.99046326,17.797509765625,0.830500030517578,7.73725032806396,0
2016,76,6,-3385499.95422363,14.3825012207031,0.869000015258789,9.78750038146973,0
2016,76,6,-3385999.91798401,12.6,0.879749984741211,5.83850002288818,0
2016,76,8,-3385999.91798401,11.7325073242188,0.889000015258789,5.13525009155273,0
2016,76,8,-3387000.08392334,10.3799987792969,0.863000030517578,7.03250026702881,0
2016,76,10,-3387500.04768372,9.1249938964844,0.886000061035156,5.44400024414062,0
2016,76,10,-3388000.01144409,8.9374938964844,0.884000015258789,5.87074995040894,0
2016,76,12,-3388000.01144409,7.83474121093752,0.910500030517578,5.38075017929077,0
2016,76,12,-2187999.96376038,7.65175781250002,0.888249969482422,6.3730001449585,0
2016,76,14,71834999.0844727,8.0307556152344,0.835749969482422,7.20300006866455,0
2016,76,14,445049987.792969,9.02749023437502,0.776875,7.74924993515015,0
2016,76,16,856575012.207031,10.6599975585938,0.683424987792969,8.29874992370605,0
2016,76,16,1219750000,12.2199951171875,0.544850006103516,9.06999969482422,0
2016,76,18,1473500000,13.1299987792969,0.476025009155273,10.1149997711182,0
2016,76,18,1616500000,14.0450073242188,0.445400009155273,10.2049999237061,0
2016,76,20,1.709e+09,14.9450012207031,0.381124992370605,10.5574998855591,0
2016,76,20,1354750000,15.3925109863281,0.341199989318848,9.99749946594238,0
2016,76,22,897625000,15.2900024414063,0.317700004577637,9.09000015258789,0
2016,76,22,688575012.207031,15.4099975585938,0.294974994659424,7.99450016021729,0
2016,77,0,111022499.084473,13.7524963378906,0.332099990844727,5.05224990844727,0
2016,77,2,-1171499.96757507,10.7625061035156,0.426100006103516,3.48574995994568,0
2016,77,2,-3387750.14877319,8.64473876953127,0.525424995422363,2.82424998283386,0
2016,77,4,-3388000.01144409,6.74776611328127,0.639974975585938,2.8364999294281,0
2016,77,4,-3388000.01144409,7.65798339843752,0.642024993896484,3.56200003623962,0
2016,77,6,-3388000.01144409,8.3124938964844,0.623950004577637,5.75775003433228,0
2016,77,6,-3388000.01144409,6.61647949218752,0.711749954223633,3.05749988555908,0
2016,77,8,-3388000.01144409,3.27849731445315,0.814749984741211,1.68199992179871,0
2016,77,8,-3388999.93896484,2.05251464843752,0.883499984741211,1.61275005340576,0
2016,77,10,-3388999.93896484,1.8017517089844,0.883499984741211,1.56124997138977,0
2016,77,10,-3388999.93896484,1.55526123046877,0.894749984741211,1.76625001430511,0
2016,77,12,-3388999.93896484,1.14675292968752,0.896750030517578,1.62400007247925,0
2016,77,12,-1962999.93991852,1.01174316406252,0.914499969482422,1.57274997234344,0
2016,77,14,99245002.746582,1.93001708984377,0.905749969482422,2.14649987220764,0
2016,77,14,451450012.207031,5.97673950195315,0.779400024414063,2.7502498626709,0
2016,77,16,869950012.207031,8.92501220703127,0.628299980163574,4.68375015258789,0
2016,77,16,1232500000,10.85,0.522024993896484,4.41349983215332,0
2016,77,18,1498500000,12.7449890136719,0.432799987792969,4.72224998474121,0
2016,77,18,1581750000,14.2699829101563,0.345924987792969,6.39449977874756,0
2016,77,20,1483250000,14.8250061035156,0.297724990844727,6.95949983596802,0
2016,77,20,1.418e+09,15.1199890136719,0.290599994659424,7.36800003051758,0
2016,77,22,1078025024.41406,15.110009765625,0.274375,6.99224996566772,0
2016,77,22,690424987.792969,14.5550170898438,0.276700000762939,6.83300018310547,0
2016,78,0,121172500.610352,12.7724853515625,0.31502498626709,4.37799978256226,0
2016,78,2,-875000.059604645,10.4674926757813,0.378474998474121,2.36250019073486,0
2016,78,2,-3388000.01144409,8.4945007324219,0.440599975585937,1.58424997329712,0
2016,78,4,-3388000.01144409,7.28301391601565,0.481575012207031,1.16324996948242,0
2016,78,4,-3388000.01144409,5.96026000976565,0.579949989318848,1.28600001335144,0
2016,78,6,-3388000.01144409,4.91451416015627,0.64942497253418,2.05874991416931,0
2016,78,6,-3388499.97520447,2.82024536132815,0.77567497253418,2.26775002479553,0
2016,78,8,-3388999.93896484,2.52150878906252,0.809499969482422,1.77049994468689,0
2016,78,8,-3388999.93896484,2.90249023437502,0.779075012207031,2.27474999427795,0
2016,78,10,-3388499.97520447,5.4007507324219,0.688399963378906,5.18975019454956,0
2016,78,10,-3388000.01144409,4.20073852539065,0.725825042724609,3,0
2016,78,12,-3388999.93896484,2.87774047851565,0.759449996948242,1.61899995803833,0
2016,78,12,-1708499.90844727,1.56301269531252,0.800950012207031,1.8327499628067,0
2016,78,14,91932495.1171875,2.81697998046877,0.672275009155273,3.4597499370575,0
2016,78,14,412600006.103516,3.88625488281252,0.60377498626709,3.38150000572205,0
2016,78,16,881750000,5.34725341796877,0.527425003051758,4.30675029754639,0
2016,78,16,1098250000,6.48476562500002,0.490275001525879,4.84249973297119,0
2016,78,18,926750000,7.0832458496094,0.471474990844727,3.92675018310547,0
2016,78,18,1186500000,7.8747497558594,0.455724983215332,3.17724990844727,0
2016,78,20,1480250000,9.1975036621094,0.430525016784668,3.05200004577637,0
2016,78,20,1294500000,10.0700012207031,0.402000007629395,3.14474987983704,0
2016,78,22,842450012.207031,10.089990234375,0.396049995422363,3.29850006103516,0
2016,78,22,389149993.896484,9.64498291015627,0.404225006103516,3.6727499961853,0
2016,79,0,44852500.9155273,8.39751586914065,0.454674987792969,3.22924995422363,0
2016,79,2,-1567000.03147125,7.67824707031252,0.47060001373291,3.21224999427795,0
2016,79,2,-3388000.01144409,7.22652587890627,0.497174987792969,3.27600002288818,0
2016,79,4,-3388000.01144409,6.78572998046877,0.521725006103516,3.42449998855591,0
2016,79,4,-3388000.01144409,6.39251098632815,0.551425018310547,3.0237500667572,0
2016,79,6,-3388000.01144409,5.89400634765627,0.600400009155273,3.47375011444092,0
2016,79,6,-3388000.01144409,5.1144958496094,0.712700042724609,2.95799994468689,0
2016,79,8,-3388000.01144409,4.31026611328127,0.808974990844727,2.47350001335144,0
2016,79,8,-3388000.01144409,3.76424560546877,0.841000061035156,2.46475005149841,0
2016,79,10,-3388499.97520447,3.37725219726565,0.860999984741211,2.83299994468689,0
2016,79,10,-3388999.93896484,2.85650024414065,0.88,2.75,0
2016,79,12,-3388999.93896484,2.52825317382815,0.871500015258789,3.08249998092651,0
2016,79,12,-2343999.8626709,2.40725097656252,0.85625,3.47350001335144,0
2016,79,14,39695251.4648438,1.79824218750002,0.89375,3.5220000743866,0
2016,79,14,240450012.207031,2.0150085449219,0.892249984741211,3.75,0
2016,79,16,623674987.792969,3.78548583984377,0.808249969482422,3.38849997520447,0
2016,79,16,1.111e+09,5.88424072265627,0.680950012207031,2.68624997138977,0
2016,79,18,1014500000,6.9999938964844,0.593875007629394,3.32975006103516,0
2016,79,18,878174987.792969,7.78798828125002,0.542474975585937,2.95350003242493,0
2016,79,20,415075012.207031,7.7967468261719,0.50625,2.73425006866455,0
2016,79,20,174100006.103516,7.06325683593752,0.53564998626709,3.12374997138977,0
2016,79,22,209850006.103516,7.09200439453127,0.521975021362305,2.60325002670288,0
2016,79,22,169625000,6.9422546386719,0.560325012207031,3.62400007247925,0
2016,80,0,11927499.7711182,5.85125122070315,0.631425018310547,3.76375007629395,0
2016,80,2,-2526750.08773804,5.3745056152344,0.663874969482422,3.43549990653992,0
2016,80,2,-3388000.01144409,5.0100036621094,0.67129997253418,3.70900011062622,0
2016,80,4,-3388000.01144409,4.5672546386719,0.710975036621094,3.33800005912781,0
2016,80,4,-3388000.01144409,3.77700195312502,0.804550018310547,3.21274995803833,0
2016,80,6,-3388750.07629395,3.12825927734377,0.869499969482422,2.52800011634827,0
2016,80,6,-3388999.93896484,2.97176513671877,0.886750030517578,2.64599990844727,0
2016,80,8,-3388999.93896484,3.06975708007815,0.866499938964844,2.82999992370605,0
2016,80,8,-3388999.93896484,2.75725708007815,0.790400009155273,2.93825006484985,0
2016,80,10,-3388999.93896484,2.30800781250002,0.765050048828125,3.01999998092651,0
2016,80,10,-3388999.93896484,2.08675537109377,0.759024963378906,2.64750003814697,0
2016,80,12,-3388999.93896484,1.86150512695315,0.815924987792969,3.35450005531311,0
2016,80,12,-889749.944210052,1.05550537109377,0.8625,3.0625,0
2016,80,14,112919998.168945,0.652001953125023,0.891999969482422,2.8364999294281,0
2016,80,14,472424987.792969,1.82500610351565,0.823574981689453,3.76900005340576,0
2016,80,16,8.82e+08,3.32048950195315,0.714324951171875,4.19449996948242,0
2016,80,16,1.231e+09,5.05574951171877,0.558699989318848,4.25524997711182,0
2016,80,18,1504250000,5.97075805664065,0.498274993896484,4.95300006866455,0
2016,80,18,1175099975.58594,6.53426513671877,0.503125,5.2335000038147,0
2016,80,20,751750000,6.0104919433594,0.552975006103516,5.67125034332275,0
2016,80,20,553299987.792969,6.38823852539065,0.471774978637695,5.63049983978271,0
2016,80,22,488149993.896484,6.27300415039065,0.443474998474121,6.89925003051758,0
2016,80,22,369750000,6.00527343750002,0.45379997253418,7.16149997711182,0
2016,81,0,38747497.5585938,5.69350585937502,0.486949996948242,5.51725006103516,0
2016,81,2,-734250.068664551,5.10299072265627,0.552150001525879,3.81524991989136,0
2016,81,2,-3388000.01144409,4.46550903320315,0.596674995422363,3.25250005722046,0
2016,81,4,-3388000.01144409,4.0205017089844,0.632874984741211,2.47224998474121,0
2016,81,4,-3388750.07629395,3.22548828125002,0.693649978637695,1.88874995708466,0
2016,81,6,-3388999.93896484,2.28975830078127,0.744225006103516,2.32100009918213,0
2016,81,6,-3388999.93896484,1.09249267578127,0.757474975585937,2.80699992179871,0
2016,81,8,-3388999.93896484,0.718011474609398,0.752324981689453,3.32375001907349,0
2016,81,8,-3388999.93896484,0.344750976562523,0.754700012207031,3.37925004959106,0
2016,81,10,-3388999.93896484,-0.731237792968727,0.8,2.98649978637695,0
2016,81,10,-3389500.1411438,-1.4849914550781,0.831999969482422,2.81174993515015,0
2016,81,12,-3390000.10490417,-1.68973388671873,0.839249954223633,2.75850009918213,0
2016,81,12,-621500.074863434,-2.80975952148435,0.870999984741211,2.3600001335144,0
2016,81,14,128160003.662109,-2.23325195312498,0.902000045776367,2.20175004005432,0
2016,81,14,460850006.103516,0.274987792968773,0.846500015258789,3.11625003814697,0
2016,81,16,904825012.207031,2.98723754882815,0.726149978637695,3.8105001449585,0
2016,81,16,1262500000,5.44649658203127,0.581575012207031,4.37874984741211,0
2016,81,18,1453750000,6.40975341796877,0.542399978637695,4.88474988937378,0
2016,81,18,1443250000,7.60799560546877,0.508850021362305,5.45699977874756,0
2016,81,20,1.675e+09,8.86501464843752,0.472600021362305,5.89124965667725,0
2016,81,20,1561500000,9.84499511718752,0.439449996948242,5.47175025939941,0
2016,81,22,1306500000,10.860009765625,0.395299987792969,4.75650024414062,0
2016,81,22,936174987.792969,12.3324829101563,0.353274993896484,3.64349985122681,0
2016,82,0,98690002.4414062,9.9424987792969,0.431074981689453,3.17525005340576,0
2016,82,2,252999.931573868,6.82949218750002,0.569300003051758,2.14100003242493,0
2016,82,2,-3388000.01144409,4.83376464843752,0.690550003051758,3.40974998474121,0
2016,82,4,-3388000.01144409,4.63851318359377,0.730149993896484,3.29150009155273,0
2016,82,4,-3388000.01144409,4.53273925781252,0.735,3.82175016403198,0
2016,82,6,-3388750.07629395,4.11873779296877,0.755374984741211,3.75799989700317,0
2016,82,6,-3388999.93896484,3.9007507324219,0.782799987792969,3.43575000762939,0
2016,82,8,-3388999.93896484,3.16048583984377,0.81432502746582,3.09124994277954,0
2016,82,8,-3388999.93896484,3.04201660156252,0.828499984741211,3.84700012207031,0
2016,82,10,-3388999.93896484,3.29274902343752,0.818249969482422,4.58575010299683,0
2016,82,10,-3388999.93896484,2.81148681640627,0.843000030517578,4.17999982833862,0
2016,82,12,-3388999.93896484,2.47225341796877,0.859749984741211,3.7189998626709,0
2016,82,12,-226249.977946281,2.1719909667969,0.8725,3.44924998283386,0
2016,82,14,139077499.389648,3.57525024414065,0.839274978637695,3.93249988555908,0
2016,82,14,471599975.585938,6.77901611328127,0.717399978637695,5.28450012207031,0
2016,82,16,886525024.414062,9.4999938964844,0.610750007629395,7.20849990844727,0
2016,82,16,725400024.414062,11.0924926757813,0.547399978637695,9.0625,0
2016,82,18,1239449951.17188,12.9975219726563,0.512625007629395,9.46249961853027,0
2016,82,18,1.646e+09,15.9624877929688,0.441275024414063,10.9949998855591,0
2016,82,20,1678750000,17.3050170898438,0.426749992370605,11.147500038147,0
2016,82,20,1.494e+09,17.7025085449219,0.423024978637695,12.125,0
2016,82,22,1062750000,18.4974914550781,0.399925003051758,11.5524997711182,0
2016,82,22,642250000,18.6325012207031,0.406699981689453,11.5524997711182,0
2016,83,0,52439998.626709,15.8774963378906,0.484900016784668,8.06550025939941,0
2016,83,2,-1848249.91226196,14.1449829101563,0.554674987792969,5.3602499961853,0
2016,83,2,-3385999.91798401,12.9475036621094,0.60432502746582,5.07874965667725,0
2016,83,4,-3385999.91798401,12.4150024414063,0.624425010681152,5.23999977111816,0
2016,83,4,-3385999.91798401,12.2174926757813,0.645475006103516,5.60500001907349,0
2016,83,6,-3385999.91798401,11.9349914550781,0.665,4.98099994659424,0
2016,83,6,-3386499.88174438,11.7074829101563,0.671975021362305,4.28399991989136,0
2016,83,8,-3387000.08392334,11.9349914550781,0.676575012207031,5.89225006103516,0
2016,83,8,-3387000.08392334,12.1750122070313,0.690274963378906,6.93575000762939,0
2016,83,10,-3386749.98283386,12.1924987792969,0.704875030517578,7.92125034332275,0
2016,83,10,-3387000.08392334,11.985009765625,0.728125,7.49149990081787,0
2016,83,12,-3387000.08392334,11.7074829101563,0.760374984741211,7.12274980545044,0
2016,83,12,-1199500.08392334,11.3674865722656,0.795449981689453,6.07649993896484,0
2016,83,14,107375000,11.6899963378906,0.802900009155273,5.7957501411438,0
2016,83,14,362625000,13.2724853515625,0.754000015258789,8.59949970245361,0
2016,83,16,888349975.585938,14.8625122070313,0.708249969482422,10.2849998474121,0
2016,83,16,1256500000,16.4775024414063,0.662125015258789,9.94499969482422,0
2016,83,18,1527500000,17.8200012207031,0.627024993896484,9.95499992370605,0
2016,83,18,1.399e+09,18.6325012207031,0.598974990844727,9.89500045776367,0
2016,83,20,656700012.207031,17.9674926757813,0.617975006103516,8.81750011444092,0
2016,83,20,365875000,17.7925048828125,0.626199989318848,8.38599967956543,0
2016,83,22,152725006.103516,17.3774963378906,0.65,7.66225004196167,0
2016,83,22,99862503.0517578,16.6775146484375,0.679799957275391,7.90724992752075,0
2016,84,0,11059499.7406006,15.360009765625,0.736699981689453,7.08650016784668,0
2016,84,2,-2426499.84359741,14.76748046875,0.785950012207031,7.13350009918213,0
2016,84,2,-3385999.91798401,14.2925048828125,0.828500061035156,6.41074991226196,0
2016,84,4,-3385999.91798401,14.4049926757813,0.840250015258789,6.74499988555908,0
2016,84,4,-3385999.91798401,14.2875,0.845749969482422,6.18424987792969,0
2016,84,6,-3385999.91798401,14.902490234375,0.828499984741211,6.05800008773804,0
2016,84,6,-3385999.91798401,15.1325012207031,0.824000015258789,4.74574995040894,0
2016,84,8,-3385999.91798401,15.1025024414063,0.819250030517578,4.86849975585938,0
2016,84,8,-3385999.91798401,14.2549987792969,0.841999969482422,4.30175018310547,0
2016,84,10,-3385999.91798401,13.6850219726563,0.858000030517578,4.44799995422363,0
2016,84,10,-3385999.91798401,13.735009765625,0.85625,4.90625,0
2016,84,12,-3385999.91798401,14.1474853515625,0.839749984741211,5.30375003814697,0
2016,84,12,-2765249.96757507,14.089990234375,0.866750030517578,3.22900009155273,0
2016,84,14,4629250.04959106,13.6274963378906,0.91125,1.92250001430511,13500
2016,84,14,43485000.6103516,13.672509765625,0.960500030517578,6.81850004196167,9000
2016,84,16,102417495.727539,13.8625122070313,0.970749969482422,9.04249954223633,6300
2016,84,16,591049987.792969,14.6899963378906,0.959499969482422,9.19499969482422,0
2016,84,18,771275024.414062,15.9150024414063,0.898000030517578,9.60249996185303,0
2016,84,18,491274993.896484,13.1750122070313,0.870749969482422,8.55000019073486,3600
2016,84,20,1067250000,12.4624877929688,0.762624969482422,11.4549999237061,0
2016,84,20,574650024.414062,10.9900146484375,0.769749984741211,10.4025001525879,0
2016,84,22,112172500.610352,9.3699890136719,0.822525024414062,8.88574981689453,0
2016,84,22,181375000,8.58175048828127,0.851750030517578,9.16749954223633,0
2016,85,0,18855499.2675781,4.81276855468752,0.901500015258789,7.57250022888184,0
2016,85,2,-1722499.9666214,2.68526611328127,0.921750030517578,6.60400009155273,0
2016,85,2,-3388999.93896484,1.85701904296877,0.91625,6.64650011062622,0
2016,85,4,-3388999.93896484,1.3380065917969,0.86375,7.94624996185303,0
2016,85,4,-3388999.93896484,0.806237792968773,0.8575,7.05399990081787,0
2016,85,6,-3388999.93896484,0.132501220703148,0.842750015258789,6.90225028991699,0
2016,85,6,-3388999.93896484,-0.386999511718727,0.829250030517578,6.86999988555908,0
2016,85,8,-3388999.93896484,-0.480749511718727,0.818499984741211,6.05175018310547,0
2016,85,8,-3388999.93896484,-0.723730468749977,0.841749954223633,5.0317497253418,0
2016,85,10,-3388999.93896484,-0.863012695312477,0.841999969482422,4.83500003814697,0
2016,85,10,-3388999.93896484,-1.00949707031248,0.831750030517578,4.17500019073486,0
2016,85,12,-3388999.93896484,-1.03299560546873,0.82125,4.50874996185303,0
2016,85,12,-917749.94134903,-1.1722473144531,0.833249969482422,4.19199991226196,0
2016,85,14,57262500.7629395,-1.04074707031248,0.83875,4.49674987792969,0
2016,85,14,239850006.103516,-0.512243652343727,0.830749969482422,4.36324977874756,0
2016,85,16,540525024.414062,0.353997802734398,0.812249984741211,4.07174968719482,0
2016,85,16,753250000,1.65926513671877,0.780825042724609,2.57175016403198,0
2016,85,18,973825012.207031,2.69301757812502,0.766374969482422,2.91025018692017,0
2016,85,18,1.019e+09,3.97823486328127,0.735449981689453,2.54874992370605,0
2016,85,20,1.196e+09,5.36324462890627,0.698450012207031,2.72374987602234,0
2016,85,20,1164250000,6.18099365234377,0.677324981689453,2.31200003623962,0
2016,85,22,1306250000,7.8430114746094,0.636450004577637,1.78375005722046,0
2016,85,22,1.032e+09,8.77248535156252,0.602374992370605,1.71549999713898,0
2016,86,0,165682495.117188,6.72649536132815,0.703625030517578,3.05174994468689,0
2016,86,2,2510999.91798401,4.4219909667969,0.808550033569336,1.94824993610382,0
2016,86,2,-3388750.07629395,2.9479919433594,0.869250030517578,1.36549997329712,0
2016,86,4,-3388999.93896484,2.04525146484377,0.909250030517578,1.64024996757507,0
2016,86,4,-3388999.93896484,2.09176025390627,0.915750045776367,2.28725004196167,0
2016,86,6,-3388999.93896484,1.22298583984377,0.922750015258789,1.9907500743866,0
2016,86,6,-3388999.93896484,0.496240234375023,0.941750030517578,2.38849997520447,0
2016,86,8,-3388999.93896484,0.106500244140648,0.9525,2.23449993133545,0
2016,86,8,-3388999.93896484,-0.170507812499977,0.958000030517578,2.57800006866455,0
2016,86,10,-3388999.93896484,-0.597509765624977,0.964499969482422,2.87674999237061,0
2016,86,10,-3388999.93896484,-0.791998291015602,0.970999984741211,2.60025000572205,0
2016,86,12,-3388999.93896484,-0.462744140624977,0.97625,2.52550005912781,0
2016,86,12,1496249.91416931,-0.121496582031227,0.978000030517578,2.43600010871887,0
2016,86,14,189767501.831055,0.957482910156273,0.978499984741211,3.33750009536743,0
2016,86,14,551299987.792969,3.23574218750002,0.939000015258789,4.5317497253418,0
2016,86,16,905174987.792969,5.47023925781252,0.849150009155273,4.49324989318848,0
2016,86,16,1.304e+09,7.70424804687502,0.738950042724609,4.47399997711182,0
2016,86,18,1567750000,9.80751953125002,0.654199981689453,4.42374992370605,0
2016,86,18,1725750000,11.6800170898438,0.577224998474121,4.69024991989136,0
2016,86,20,1.738e+09,13.1950012207031,0.527750015258789,4.84975004196167,0
2016,86,20,1611500000,14.5349975585938,0.480599975585937,5.2037501335144,0
2016,86,22,1.365e+09,15.7875,0.421399993896484,5.2167501449585,0
2016,86,22,1.002e+09,16.3275085449219,0.407399978637695,5.33549976348877,0
2016,87,0,167577499.389648,14.74501953125,0.454300003051758,3.59325003623962,0
2016,87,2,2271499.87220764,10.7025085449219,0.600974998474121,2.30874991416931,0
2016,87,2,-3387500.04768372,9.37749633789065,0.65879997253418,2.63175010681152,0
2016,87,4,-3388000.01144409,7.96499023437502,0.718850021362305,1.75674998760223,0
2016,87,4,-3388000.01144409,7.11348876953127,0.743349990844727,2.18825006484985,0
2016,87,6,-3388000.01144409,5.72548828125002,0.769799957275391,1.47125005722046,0
2016,87,6,-3388000.01144409,4.57100830078127,0.81557502746582,1.0477499961853,0
2016,87,8,-3388249.87411499,4.81551513671877,0.829000015258789,1.47449994087219,0
2016,87,8,-3388249.87411499,4.39675292968752,0.841500015258789,1.36424994468689,0
2016,87,10,-3388999.93896484,3.73549804687502,0.865749969482422,1.34599995613098,0
2016,87,10,-3388999.93896484,3.91072998046877,0.856750030517578,1.20700001716614,0
2016,87,12,-3388999.93896484,3.32875976562502,0.867750015258789,1.28049993515015,0
2016,87,12,3599750.04196167,3.24074707031252,0.878499984741211,0.778249979019165,0
2016,87,14,147202499.389648,3.6195007324219,0.883249969482422,1.17299997806549,0
2016,87,14,537825012.207031,7.99898681640627,0.814425048828125,1.56900000572205,0
2016,87,16,951150024.414062,11.9424987792969,0.69067497253418,2.48425006866455,0
2016,87,16,1339500000,15.7375122070313,0.583824996948242,5.02200031280518,0
2016,87,18,1093375000,17.5700012207031,0.403824996948242,5.44999980926514,0
2016,87,18,925724975.585938,18.2749877929688,0.315250015258789,4.875,0
2016,87,20,864299987.792969,18.7575012207031,0.405325012207031,6.65399980545044,0
2016,87,20,892424987.792969,19.6125122070313,0.427550010681152,7.09649991989136,0
2016,87,22,349475006.103516,17.7224975585938,0.525449981689453,7.22000026702881,0
2016,87,22,125147499.084473,12.7275024414063,0.697675018310547,9.24100017547607,0
2016,88,0,6085749.62615967,6.73751220703127,0.955499954223633,7.54174995422363,16200
2016,88,2,-2103250.02670288,5.85177001953127,0.960250015258789,6.41024971008301,13500
2016,88,2,-3388000.01144409,5.1972595214844,0.950999984741211,6.41475009918213,1800
2016,88,4,-3388000.01144409,5.3957458496094,0.93625,6.50724983215332,0
2016,88,4,-3388000.01144409,5.43398437500002,0.916999969482422,6.47875022888184,0
2016,88,6,-3388000.01144409,5.4999938964844,0.934250030517578,6.32925033569336,0
2016,88,6,-3388000.01144409,5.6872497558594,0.935250015258789,6.9082498550415,0
2016,88,8,-3388000.01144409,5.61675415039065,0.926999969482422,7.43924999237061,0
2016,88,8,-3388000.01144409,5.47625122070315,0.916999969482422,6.81575012207031,0
2016,88,10,-3388000.01144409,5.25600585937502,0.918500061035156,6.5629997253418,0
2016,88,10,-3388000.01144409,5.03725585937502,0.920999984741211,6.36250019073486,0
2016,88,12,-3388000.01144409,4.99898681640627,0.919499969482422,6.16225004196167,0
2016,88,12,1848250.03147125,4.84475097656252,0.922750015258789,5.11275005340576,0
2016,88,14,112604995.727539,4.8544860839844,0.922750015258789,4.86399984359741,0
2016,88,14,496025024.414062,5.3902526855469,0.91,5.10750007629395,0
2016,88,16,985250000,6.58449707031252,0.855249938964844,5.42750024795532,0
2016,88,16,802900024.414062,7.25200805664065,0.790074996948242,5.02750015258789,0
2016,88,18,1328250000,8.51473388671877,0.705999984741211,4.86800003051758,0
2016,88,18,1327750000,9.52498779296877,0.647600021362305,4.99599981307983,0
2016,88,20,1.476e+09,10.2824951171875,0.609775009155273,4.79549980163574,0
2016,88,20,1318250000,10.9099975585938,0.572999992370606,3.98874998092651,0
2016,88,22,767875000,10.7050109863281,0.580774993896484,3.97674989700317,0
2016,88,22,697700012.207031,10.85,0.575950012207031,3.46499991416931,0
2016,89,0,172750000,9.7449890136719,0.606699981689453,2.99749994277954,0
2016,89,2,5037750.24414062,7.56173095703127,0.712900009155273,1.87774991989136,0
2016,89,2,-3388000.01144409,6.34075317382815,0.753125,1.51999998092651,0
2016,89,4,-3388000.01144409,5.60524902343752,0.780449981689453,1.60800004005432,0
2016,89,4,-3388999.93896484,4.13173828125002,0.828649978637695,1.04250001907349,0
2016,89,6,-3388999.93896484,2.76125488281252,0.877750015258789,0.5625,0
2016,89,6,-3388999.93896484,2.16726074218752,0.922750015258789,0.897500038146973,0
2016,89,8,-3388999.93896484,2.09624633789065,0.943000030517578,0.907000005245209,0
2016,89,8,-3388999.93896484,1.5779968261719,0.950250015258789,0.673500001430511,0
2016,89,10,-3388999.93896484,1.43026123046877,0.959000015258789,1.76250004768372,0
2016,89,10,-3388999.93896484,2.03225097656252,0.951999969482422,1.66799998283386,0
2016,89,12,-3388999.93896484,1.4840026855469,0.948249969482422,1.67624998092651,0
2016,89,12,6805750.37002563,1.1249938964844,0.959749984741211,2.12400007247925,0
2016,89,14,198399993.896484,1.91726074218752,0.965999984741211,1.85350000858307,0
2016,89,14,590500000,5.13326416015627,0.925999984741211,1.61800003051758,0
2016,89,16,1009500000,7.58001098632815,0.691750030517578,3.95274996757507,0
2016,89,16,1362500000,10.0725036621094,0.528450012207031,5.24524974822998,0
2016,89,18,1.617e+09,11.3774963378906,0.491425018310547,4.87125015258789,0
2016,89,18,1.762e+09,12.8974853515625,0.4225,4.75100040435791,0
2016,89,20,1763750000,13.5550170898438,0.384500007629395,4.76924991607666,0
2016,89,20,1645250000,13.9500061035156,0.372700004577637,4.82324981689453,0
2016,89,22,1357500000,14.1775146484375,0.37685001373291,5.22200012207031,0
2016,89,22,979924987.792969,14.2749877929688,0.366324996948242,5.41400003433228,0
2016,90,0,169699996.948242,12.2900024414063,0.442949981689453,4.9212498664856,0
2016,90,2,3781999.82643127,8.8382507324219,0.602299995422363,2.81049990653992,0
2016,90,2,-3388000.01144409,6.37423095703127,0.717225036621094,2.20199990272522,0
2016,90,4,-3388000.01144409,5.34200439453127,0.759475021362305,2.38324999809265,0
2016,90,4,-3388000.01144409,4.30950317382815,0.804575042724609,2.87925004959106,0
2016,90,6,-3388999.93896484,4.03676757812502,0.8225,3.31424999237061,0
2016,90,6,-3388499.97520447,4.78499755859377,0.785475006103516,4.31099987030029,0
2016,90,8,-3388000.01144409,4.55373535156252,0.783950042724609,4.44799995422363,0
2016,90,8,-3388249.87411499,4.50350341796877,0.791849975585938,4.18350028991699,0
2016,90,10,-3388750.07629395,3.78798828125002,0.815500030517578,3.26099991798401,0
2016,90,10,-3388999.93896484,2.72023925781252,0.8625,2.88050007820129,0
2016,90,12,-3388999.93896484,2.67525634765627,0.886500015258789,2.56049990653992,0
2016,90,12,3064750.19454956,3.16347656250002,0.859749984741211,2.75550007820129,0
2016,90,14,93654998.7792969,4.99651489257815,0.795199966430664,4.23824977874756,0
2016,90,14,166285003.662109,6.9687438964844,0.721224975585937,4.78949975967407,0
2016,90,16,231050003.051758,9.17250976562502,0.645500030517578,5.37400007247925,0
2016,90,16,715224975.585938,11.2275024414063,0.596900024414063,6.89225006103516,0
2016,90,18,922974975.585938,14.5874877929688,0.515149993896484,9.51499938964844,0
2016,90,18,343549987.792969,14.1549926757813,0.600100021362305,6.35774993896484,0
2016,90,20,57562500,14.4674926757813,0.63185001373291,5.57474994659424,9900
2016,90,20,117802505.493164,11.7474914550781,0.882750015258789,3.26324987411499,3600
2016,90,22,38102500.9155273,11.80751953125,0.919499969482422,5.98724985122681,25200
2016,90,22,48419998.1689453,11.5750061035156,0.945999984741211,3.28224992752075,1800
